tanggal,stasiun,pm10,pm25,so2,co,o3,no2,temperature_2m_max,temperature_2m_min,temperature_2m_mean,precipitation_sum,precipitation_hours,wind_speed_10m_max,wind_speed_10m_mean,wind_speed_10m_min,wind_direction_10m_dominant,wind_gusts_10m_max,wind_gusts_10m_mean,wind_gusts_10m_min,shortwave_radiation_sum,relative_humidity_2m_mean,relative_humidity_2m_max,relative_humidity_2m_min,cloud_cover_mean,cloud_cover_max,cloud_cover_min,surface_pressure_mean,surface_pressure_max,surface_pressure_min,washout_effect,ventilation_proxy,rainy_day,is_holiday_nasional,is_weekend,is_working_day,day_name,dayofweek,quarter,month_feat,year_feat,dayofyear,lag_1,lag_7,lag_30,rolling_mean_7,rolling_std_7,rolling_mean_30,Total_Penduduk,ndvi,nama_libur
2025-09-01,DKI1,55.443396226415096,82.07252308107772,22.97641509433962,22.037735849056602,42.04716981132076,20.117924528301888,32.93,24.33,27.969582,0.9,3,14.336861,6.213839,1.9386592,144.46223,30.239998,13.905,3.6,21.2616,74.083336,91.0,50.0,40.208332,100.0,0.0,1007.7607,1009.4887,1005.3179,12.903174900000002,195.02530335786582,1,0,0,1,Monday,0,3,9,2025,244,55.443396226415096,55.443396226415096,55.443396226415096,55.443396226415096,13.330075479220964,55.443396226415096,902973.0,0.2023,
2025-09-02,DKI1,55.443396226415096,82.07252308107772,22.97641509433962,22.037735849056602,42.04716981132076,20.117924528301888,33.63,24.83,28.3675,0.0,0,17.727943,7.727409,1.8,123.690094,35.28,16.859999,3.96,21.3624,68.541664,86.0,45.0,37.5,100.0,0.0,1008.1121,1010.0973,1005.32886,0.0,260.74292340510294,0,0,0,1,Tuesday,1,3,9,2025,245,55.443396226415096,55.443396226415096,55.443396226415096,55.443396226415096,13.330075479220964,55.443396226415096,902973.0,0.2023,
2025-09-03,DKI1,55.443396226415096,82.07252308107772,22.97641509433962,22.037735849056602,42.04716981132076,20.117924528301888,35.280003,24.13,28.532084,0.0,0,21.900904,8.613396,1.835647,161.56496,43.92,18.644999,3.2399998,23.6808,66.958336,86.0,37.0,37.5,97.0,0.0,1008.6038,1010.6986,1006.1254,0.0,329.89671364944314,0,0,0,1,Wednesday,2,3,9,2025,246,55.443396226415096,55.443396226415096,55.443396226415096,55.443396226415096,13.330075479220964,55.443396226415096,902973.0,0.2023,
2025-09-04,DKI1,55.443396226415096,82.07252308107772,22.97641509433962,22.037735849056602,42.04716981132076,20.117924528301888,33.98,24.279999,28.444582,0.0,0,16.58346,6.6192055,0.8049845,180.0,34.92,15.21,1.8,22.8348,71.291664,87.0,44.0,41.541668,100.0,0.0,1008.2624,1010.5998,1005.72314,0.0,234.53624507774148,0,0,0,1,Thursday,3,3,9,2025,247,55.443396226415096,55.443396226415096,55.443396226415096,55.443396226415096,13.330075479220964,55.443396226415096,902973.0,0.2023,
2025-09-05,DKI1,55.443396226415096,82.07252308107772,22.97641509433962,22.037735849056602,42.04716981132076,20.117924528301888,32.73,24.679998,27.975832,5.9,9,12.964998,4.2846265,0.8049845,216.86998,28.44,11.024999,3.2399998,19.7352,77.666664,91.0,56.0,66.125,100.0,32.0,1008.6884,1010.68506,1006.61176,76.4934882,168.38167645031336,1,1,0,0,Friday,4,3,9,2025,248,55.443396226415096,55.443396226415096,55.443396226415096,55.443396226415096,13.330075479220964,55.443396226415096,902973.0,0.2023,Prophet's Birthday
2025-09-06,DKI1,55.443396226415096,82.07252308107772,22.97641509433962,22.037735849056602,42.04716981132076,20.117924528301888,32.23,24.83,27.709166,5.2,11,11.879999,4.1518216,0.35999998,7.59456,26.64,11.415,3.2399998,19.6632,76.041664,90.0,52.0,80.958336,100.0,28.0,1009.2985,1011.10596,1007.31195,61.7759948,157.68283517180134,1,0,1,0,Saturday,5,3,9,2025,249,55.443396226415096,55.443396226415096,55.443396226415096,55.443396226415096,13.330075479220964,55.443396226415096,902973.0,0.2023,
2025-09-07,DKI1,55.443396226415096,82.07252308107772,22.97641509433962,22.037735849056602,42.04716981132076,20.117924528301888,32.08,24.48,27.904999,0.4,0,7.6367526,3.2190697,0.35999998,188.13002,17.64,8.37,2.52,20.6892,71.666664,90.0,53.0,72.833336,100.0,34.0,1008.9002,1011.1858,1006.41766,3.0547010400000003,107.50774203038837,1,0,1,0,Sunday,6,3,9,2025,250,55.443396226415096,55.443396226415096,55.443396226415096,55.443396226415096,13.330075479220964,55.443396226415096,902973.0,0.2023,
2025-09-08,DKI1,55.443396226415096,82.07252308107772,22.97641509433962,22.037735849056602,42.04716981132076,20.117924528301888,33.73,24.73,28.42375,0.3,0,12.661564,4.956371,0.71999997,188.13002,28.44,12.179999,4.68,22.1832,71.5,88.0,46.0,69.916664,100.0,33.0,1008.8073,1010.6998,1006.2237,3.7984692,178.6444502463944,1,0,0,1,Monday,0,3,9,2025,251,55.443396226415096,55.443396226415096,55.443396226415096,55.443396226415096,13.330075479220964,55.443396226415096,902973.0,0.2023,
2025-09-09,DKI1,55.443396226415096,82.07252308107772,22.97641509433962,22.037735849056602,42.04716981132076,20.117924528301888,32.63,24.98,28.1175,2.9,6,10.538843,3.9855087,0.5091169,163.30067,23.039999,11.054999,2.8799999,20.4444,76.5,92.0,51.0,82.333336,100.0,36.0,1009.2258,1011.2989,1006.41583,30.5626447,139.0336242843059,1,0,0,1,Tuesday,1,3,9,2025,252,55.443396226415096,55.443396226415096,55.443396226415096,55.443396226415096,13.330075479220964,55.443396226415096,902973.0,0.2023,
2025-09-10,DKI1,55.443396226415096,82.07252308107772,22.97641509433962,22.037735849056602,42.04716981132076,20.117924528301888,32.780003,24.73,27.777916,8.3,11,11.440978,4.6541734,0.35999998,161.56496,28.44,13.785,2.16,19.0908,80.041664,93.0,58.0,87.083336,100.0,50.0,1008.4544,1010.39874,1005.6164,94.9601174,144.14623619522953,1,0,0,1,Wednesday,2,3,9,2025,253,55.443396226415096,55.443396226415096,55.443396226415096,55.443396226415096,13.330075479220964,55.443396226415096,902973.0,0.2023,
2025-09-11,DKI1,55.443396226415096,82.07252308107772,22.97641509433962,22.037735849056602,42.04716981132076,20.117924528301888,32.38,24.83,27.519583,6.8,11,9.028754,4.228583,1.08,333.43503,19.8,11.16,5.04,18.4392,79.666664,90.0,56.0,91.916664,100.0,65.0,1008.5279,1010.6821,1006.3078,61.3955272,114.29812488742593,1,0,0,1,Thursday,3,3,9,2025,254,55.443396226415096,55.443396226415096,55.443396226415096,55.443396226415096,13.330075479220964,55.443396226415096,902973.0,0.2023,
2025-09-12,DKI1,55.443396226415096,82.07252308107772,22.97641509433962,22.037735849056602,42.04716981132076,20.117924528301888,32.88,24.98,27.646666,18.1,7,12.10157,3.435912,0.5091169,90.0,24.48,9.2699995,2.16,17.9316,81.125,92.0,56.0,95.791664,100.0,67.0,1009.08185,1010.8834,1006.21234,219.03841700000004,150.5266520000555,1,0,0,1,Friday,4,3,9,2025,255,55.443396226415096,55.443396226415096,55.443396226415096,55.443396226415096,13.330075479220964,55.443396226415096,902973.0,0.2023,
2025-09-13,DKI1,55.443396226415096,82.07252308107772,22.97641509433962,22.037735849056602,42.04716981132076,20.117924528301888,33.48,24.929998,28.307083,0.9,2,10.538843,3.9163103,0.35999998,198.43504,21.599998,9.45,3.2399998,22.3956,74.416664,92.0,49.0,58.75,100.0,0.0,1009.42645,1011.3968,1007.0256,9.4849587,142.95436404670534,1,0,1,0,Saturday,5,3,9,2025,256,55.443396226415096,55.443396226415096,55.443396226415096,55.443396226415096,13.330075479220964,55.443396226415096,902973.0,0.2023,
2025-09-14,DKI1,55.443396226415096,82.07252308107772,22.97641509433962,22.037735849056602,42.04716981132076,20.117924528301888,34.13,24.179998,28.282084,1.7,2,14.689589,5.8374686,1.484318,135.0001,29.88,13.3949995,2.8799999,23.2848,73.208336,92.0,45.0,83.583336,100.0,32.0,1009.2724,1011.2875,1006.429,24.972301299999998,202.5151445191105,1,0,1,0,Sunday,6,3,9,2025,257,55.443396226415096,55.443396226415096,55.443396226415096,55.443396226415096,13.330075479220964,55.443396226415096,902973.0,0.2023,
2025-09-15,DKI1,55.443396226415096,82.07252308107772,22.97641509433962,22.037735849056602,42.04716981132076,20.117924528301888,33.18,25.529999,28.646667,0.4,0,12.015589,5.336874,2.1897945,144.46223,25.919998,12.57,5.3999996,20.1996,70.458336,85.0,48.0,75.791664,100.0,4.0,1009.1287,1011.40063,1006.41864,4.806235600000001,172.09142871759417,1,0,0,1,Monday,0,3,9,2025,258,55.443396226415096,55.443396226415096,55.443396226415096,55.443396226415096,13.330075479220964,55.443396226415096,902973.0,0.2023,
2025-09-16,DKI1,55.443396226415096,82.07252308107772,22.97641509433962,22.037735849056602,42.04716981132076,20.117924528301888,32.73,24.98,28.071665,15.9,10,11.113451,4.5566664,1.0182338,224.9999,24.48,11.61,3.96,18.6552,75.75,87.0,54.0,90.666664,100.0,33.0,1009.0634,1011.2019,1006.61304,176.7038709,148.0419359972726,1,0,0,1,Tuesday,1,3,9,2025,259,55.443396226415096,55.443396226415096,55.443396226415096,55.443396226415096,13.330075479220964,55.443396226415096,902973.0,0.2023,
2025-09-17,DKI1,55.443396226415096,82.07252308107772,22.97641509433962,22.037735849056602,42.04716981132076,20.117924528301888,32.18,24.779999,27.657082,17.9,14,12.7279215,4.386978,0.5091169,360.0,27.72,11.655,3.2399998,19.1808,79.083336,93.0,62.0,90.416664,100.0,39.0,1009.2608,1011.6831,1006.61426,227.82979484999998,162.43361604557504,1,0,0,1,Wednesday,2,3,9,2025,260,55.443396226415096,55.443396226415096,55.443396226415096,55.443396226415096,13.330075479220964,55.443396226415096,902973.0,0.2023,
2025-09-18,DKI1,55.443396226415096,82.07252308107772,22.97641509433962,22.037735849056602,42.04716981132076,20.117924528301888,31.179998,24.679998,27.79875,0.3,0,8.759178,4.391648,0.8049845,206.56499,18.359999,10.365,2.16,18.8424,78.375,92.0,61.0,88.166664,100.0,44.0,1009.11597,1011.49194,1006.317,2.6277534,112.77864630140554,1,0,0,1,Thursday,3,3,9,2025,261,55.443396226415096,55.443396226415096,55.443396226415096,55.443396226415096,13.330075479220964,55.443396226415096,902973.0,0.2023,
2025-09-19,DKI1,55.443396226415096,82.07252308107772,22.97641509433962,22.037735849056602,42.04716981132076,20.117924528301888,32.280003,25.279999,27.757082,8.599999,7,10.464798,4.4381976,0.8049845,218.65984,26.28,17.385,6.12,18.8604,81.333336,92.0,59.0,91.25,100.0,58.0,1009.22394,1011.2892,1007.00665,89.997252335202,129.8523482285802,1,0,0,1,Friday,4,3,9,2025,262,55.443396226415096,55.443396226415096,55.443396226415096,55.443396226415096,13.330075479220964,55.443396226415096,902973.0,0.2023,
2025-09-20,DKI1,55.443396226415096,82.07252308107772,22.97641509433962,22.037735849056602,42.04716981132076,20.117924528301888,31.179998,25.23,27.584166,3.6000001,4,15.745627,6.5625434,1.2979984,213.6901,37.44,16.905,2.8799999,17.4168,81.25,93.0,59.0,96.0,100.0,39.0,1009.0109,1011.1978,1007.3071,56.6842587745627,195.5385756348837,1,0,1,0,Saturday,5,3,9,2025,263,55.443396226415096,55.443396226415096,55.443396226415096,55.443396226415096,13.330075479220964,55.443396226415096,902973.0,0.2023,
2025-09-21,DKI1,55.443396226415096,82.07252308107772,22.97641509433962,22.037735849056602,42.04716981132076,20.117924528301888,32.280003,24.63,27.748749,6.6,8,11.212135,5.0660377,1.2979984,224.9999,26.64,13.424999,3.2399998,20.9376,83.291664,98.0,61.0,79.791664,100.0,51.0,1009.4319,1011.5972,1007.3087,74.000091,135.88258647475814,1,0,1,0,Sunday,6,3,9,2025,264,55.443396226415096,55.443396226415096,55.443396226415096,55.443396226415096,13.330075479220964,55.443396226415096,902973.0,0.2023,
2025-09-22,DKI1,55.443396226415096,82.07252308107772,22.97641509433962,22.037735849056602,42.04716981132076,20.117924528301888,34.280003,24.63,28.440416,2.3,5,13.797912,5.411856,0.0,90.0,29.519999,13.275001,3.2399998,24.2316,78.166664,96.0,50.0,62.666668,100.0,0.0,1008.487,1010.29193,1004.92096,31.7351976,178.01725399390207,1,0,0,1,Monday,0,3,9,2025,265,55.443396226415096,55.443396226415096,55.443396226415096,55.443396226415096,13.330075479220964,55.443396226415096,902973.0,0.2023,
2025-09-23,DKI1,55.443396226415096,82.07252308107772,22.97641509433962,22.037735849056602,42.04716981132076,20.117924528301888,33.280003,25.08,28.440416,0.2,1,11.928989,5.0595555,1.1384199,180.0,26.28,12.66,2.52,22.6404,77.166664,90.0,55.0,89.833336,100.0,42.0,1008.6201,1011.19025,1005.32135,2.3857978,155.91989408896697,1,0,0,1,Tuesday,1,3,9,2025,266,55.443396226415096,55.443396226415096,55.443396226415096,55.443396226415096,13.330075479220964,55.443396226415096,902973.0,0.2023,
2025-09-24,DKI1,55.443396226415096,82.07252308107772,22.97641509433962,22.037735849056602,42.04716981132076,20.117924528301888,34.08,24.779999,28.792501,0.9,1,10.799999,3.1866207,0.5091169,180.0,23.759998,8.88,2.8799999,23.9472,71.916664,89.0,46.0,70.75,100.0,11.0,1007.72754,1009.89355,1004.7222,9.7199991,151.33427802313605,1,0,0,1,Wednesday,2,3,9,2025,267,55.443396226415096,55.443396226415096,55.443396226415096,55.443396226415096,13.330075479220964,55.443396226415096,902973.0,0.2023,
2025-09-25,DKI1,55.443396226415096,82.07252308107772,22.97641509433962,22.037735849056602,42.04716981132076,20.117924528301888,33.23,24.63,28.282082,9.5,7,11.792404,3.8667915,1.08,172.87508,25.56,10.634999,3.96,21.8988,73.625,86.0,54.0,68.041664,100.0,21.0,1008.3447,1011.08527,1006.0171,112.02783799999999,161.5050332585236,1,0,0,1,Thursday,3,3,9,2025,268,55.443396226415096,55.443396226415096,55.443396226415096,55.443396226415096,13.330075479220964,55.443396226415096,902973.0,0.2023,
2025-09-26,DKI1,55.443396226415096,82.07252308107772,22.97641509433962,22.037735849056602,42.04716981132076,20.117924528301888,34.48,24.58,28.396667,6.7,6,12.324414,4.7885575,1.2979984,180.0,25.56,12.495,2.52,23.9544,74.0,90.0,46.0,62.666668,100.0,13.0,1008.9235,1011.09827,1005.4335,82.5735738,168.0323095720135,1,0,0,1,Friday,4,3,9,2025,269,55.443396226415096,55.443396226415096,55.443396226415096,55.443396226415096,13.330075479220964,55.443396226415096,902973.0,0.2023,
2025-09-27,DKI1,55.443396226415096,82.07252308107772,22.97641509433962,22.037735849056602,42.04716981132076,20.117924528301888,33.780003,25.73,28.8675,2.2,4,13.18308,5.641655,1.9386592,125.537766,27.0,13.245,3.6,21.7836,73.666664,87.0,50.0,87.666664,100.0,60.0,1008.4477,1010.7033,1005.8304,29.002776000000004,180.46760886194062,1,0,1,0,Saturday,5,3,9,2025,270,55.443396226415096,55.443396226415096,55.443396226415096,55.443396226415096,13.330075479220964,55.443396226415096,902973.0,0.2023,
2025-09-28,DKI1,55.443396226415096,82.07252308107772,22.97641509433962,22.037735849056602,42.04716981132076,20.117924528301888,33.68,25.779999,29.163332,0.8,2,16.267857,7.0130806,1.484318,146.3099,37.44,17.295,2.8799999,22.428,72.25,89.0,51.0,73.416664,92.0,43.0,1008.3869,1010.80646,1005.42267,13.014285600000001,227.04905037886917,1,0,1,0,Sunday,6,3,9,2025,271,55.443396226415096,55.443396226415096,55.443396226415096,55.443396226415096,13.330075479220964,55.443396226415096,902973.0,0.2023,
2025-09-29,DKI1,55.443396226415096,82.07252308107772,22.97641509433962,22.037735849056602,42.04716981132076,20.117924528301888,34.38,25.429998,28.309166,18.1,6,12.57426,5.04894,1.484318,106.699326,27.72,13.709999,4.32,19.314,77.458336,90.0,47.0,85.041664,100.0,48.0,1009.08545,1010.9997,1006.7154,227.59410600000004,163.81068153228853,1,0,0,1,Monday,0,3,9,2025,272,55.443396226415096,55.443396226415096,55.443396226415096,55.443396226415096,13.330075479220964,55.443396226415096,902973.0,0.2023,
2025-09-30,DKI1,55.443396226415096,82.07252308107772,22.97641509433962,22.037735849056602,42.04716981132076,20.117924528301888,33.030003,25.279999,28.073751,11.3,8,10.308831,3.4576914,0.5091169,90.0,23.759998,10.5,2.52,19.314,77.125,90.0,53.0,91.416664,100.0,70.0,1008.5142,1010.1851,1006.5267,116.48979030000001,134.8019766470042,1,0,0,1,Tuesday,1,3,9,2025,273,55.443396226415096,55.443396226415096,55.443396226415096,55.443396226415096,13.330075479220964,55.443396226415096,902973.0,0.2023,
2025-10-01,DKI1,55.154205607476634,80.81681149919456,24.677570093457945,22.813084112149532,43.61214953271028,22.210280373831775,32.530003,24.83,27.934166,6.5,8,14.77755,6.021544,0.8049845,243.43501,32.039997,15.089999,2.16,19.6416,78.583336,94.0,57.0,85.0,100.0,48.0,1008.2431,1010.2993,1005.8111,96.054075,189.5995204683726,1,0,0,1,Wednesday,2,4,10,2025,274,55.443396226415096,55.443396226415096,55.443396226415096,55.443396226415096,13.330075479220964,55.443396226415096,902973.0,0.2023,
2025-10-02,DKI1,55.154205607476634,80.81681149919456,24.677570093457945,22.813084112149532,43.61214953271028,22.210280373831775,30.029999,25.58,27.338333,8.6,13,11.792404,4.378334,0.35999998,270.0,28.44,13.305,1.08,13.2552,82.666664,91.0,70.0,96.916664,100.0,57.0,1009.73346,1011.884,1007.7858,101.4146744,144.0385315734749,1,0,0,1,Thursday,3,4,10,2025,275,55.443396226415096,55.443396226415096,55.443396226415096,55.443396226415096,13.330075479220964,55.443396226415096,902973.0,0.2023,
2025-10-03,DKI1,55.154205607476634,80.81681149919456,24.677570093457945,22.813084112149532,43.61214953271028,22.210280373831775,33.93,24.429998,28.373749,0.0,0,10.195057,3.7056608,0.5091169,165.96373,20.519999,8.655,2.52,21.4884,73.75,92.0,49.0,83.458336,100.0,0.0,1010.05493,1011.9845,1007.2303,0.0,139.6280350438103,0,0,0,1,Friday,4,4,10,2025,276,55.443396226415096,55.443396226415096,55.443396226415096,55.443396226415096,13.330075479220964,55.443396226415096,902973.0,0.2023,
2025-10-04,DKI1,55.154205607476634,80.81681149919456,24.677570093457945,22.813084112149532,43.61214953271028,22.210280373831775,34.88,24.38,28.654999,2.9,2,14.044615,4.315651,1.2979984,210.96368,29.519999,10.755,3.2399998,24.174,76.0,93.0,46.0,74.041664,100.0,10.0,1010.1021,1011.9018,1007.5346,40.7293835,186.6644092788355,1,0,1,0,Saturday,5,4,10,2025,277,55.443396226415096,55.443396226415096,55.443396226415096,55.443396226415096,13.330075479220964,55.443396226415096,902973.0,0.2023,
2025-10-05,DKI1,55.154205607476634,80.81681149919456,24.677570093457945,22.813084112149532,43.61214953271028,22.210280373831775,32.88,25.679998,28.102915,7.8999996,6,12.10157,5.036762,1.0182338,180.0,26.64,12.405,3.96,19.3932,78.666664,91.0,57.0,91.75,100.0,42.0,1010.2741,1011.78485,1007.91064,95.602398159372,155.4140231539118,1,0,1,0,Sunday,6,4,10,2025,278,55.443396226415096,55.443396226415096,55.443396226415096,55.443396226415096,13.330075479220964,55.443396226415096,902973.0,0.2023,
2025-10-06,DKI1,55.154205607476634,80.81681149919456,24.677570093457945,22.813084112149532,43.61214953271028,22.210280373831775,33.58,25.279999,28.719584,0.3,1,15.990646,5.9908996,0.71999997,146.3099,37.8,14.294999,3.2399998,21.7008,72.875,90.0,51.0,94.916664,100.0,39.0,1009.96533,1011.9898,1007.323,4.7971938,221.61232335235923,1,0,0,1,Monday,0,4,10,2025,279,55.443396226415096,55.443396226415096,55.443396226415096,55.443396226415096,13.330075479220964,55.443396226415096,902973.0,0.2023,
2025-10-07,DKI1,55.154205607476634,80.81681149919456,24.677570093457945,22.813084112149532,43.61214953271028,22.210280373831775,33.18,25.08,27.77375,11.8,10,10.829958,4.575268,1.1384199,224.9999,28.8,16.215,5.04,21.3984,79.875,93.0,55.0,71.916664,100.0,36.0,1011.1543,1013.279,1009.0092,127.7935044,137.09869922403004,1,0,0,1,Tuesday,1,4,10,2025,280,55.443396226415096,55.443396226415096,55.443396226415096,55.443396226415096,13.330075479220964,55.443396226415096,902973.0,0.2023,
2025-10-08,DKI1,55.154205607476634,80.81681149919456,24.677570093457945,22.813084112149532,43.61214953271028,22.210280373831775,33.280003,24.429998,28.019583,12.8,6,9.793058,4.1591206,1.2979984,243.43501,21.96,10.155,2.8799999,24.264,78.25,95.0,53.0,58.125,100.0,24.0,1009.9616,1012.4888,1006.5157,125.35114240000001,126.39760417345433,1,0,0,1,Wednesday,2,4,10,2025,281,55.443396226415096,55.443396226415096,55.443396226415096,55.443396226415096,13.330075479220964,55.443396226415096,902973.0,0.2023,
2025-10-09,DKI1,55.154205607476634,80.81681149919456,24.677570093457945,22.813084112149532,43.61214953271028,22.210280373831775,33.68,24.929998,28.307083,0.90000004,1,13.450708,4.821713,1.609969,135.0001,28.44,11.804999,3.2399998,24.6996,73.75,91.0,49.0,38.125,100.0,0.0,1009.1602,1010.9838,1006.5203,12.10563773802832,184.0531413616488,1,0,0,1,Thursday,3,4,10,2025,282,55.443396226415096,55.443396226415096,55.443396226415096,55.443396226415096,13.330075479220964,55.443396226415096,902973.0,0.2023,
2025-10-10,DKI1,55.154205607476634,80.81681149919456,24.677570093457945,22.813084112149532,43.61214953271028,22.210280373831775,33.780003,24.429998,28.2425,1.0,3,13.910169,4.933455,1.4399999,180.0,28.8,12.555,3.2399998,24.6924,71.958336,87.0,47.0,55.416668,100.0,0.0,1008.9685,1011.0913,1006.11816,13.910169,195.04234159439844,1,0,0,1,Friday,4,4,10,2025,283,55.443396226415096,55.443396226415096,55.443396226415096,55.443396226415096,13.330075479220964,55.443396226415096,902973.0,0.2023,
2025-10-11,DKI1,55.154205607476634,80.81681149919456,24.677570093457945,22.813084112149532,43.61214953271028,22.210280373831775,33.280003,25.429998,28.67375,0.90000004,2,10.739833,5.446591,1.8,135.0001,24.48,14.07,3.96,23.7528,71.541664,86.0,48.0,64.833336,100.0,18.0,1008.58813,1011.00165,1005.61926,9.66585012959332,151.4092275234511,1,0,1,0,Saturday,5,4,10,2025,284,55.443396226415096,55.443396226415096,55.443396226415096,55.443396226415096,13.330075479220964,55.443396226415096,902973.0,0.2023,
2025-10-12,DKI1,55.154205607476634,80.81681149919456,24.677570093457945,22.813084112149532,43.61214953271028,22.210280373831775,34.08,25.08,28.971666,1.3,2,13.53236,4.9960713,0.8049845,218.65984,32.760002,12.93,2.52,23.9652,71.666664,88.0,47.0,53.0,100.0,0.0,1007.9407,1010.00574,1005.3194,17.592068,190.32302677088475,1,0,1,0,Sunday,6,4,10,2025,285,55.443396226415096,55.443396226415096,55.443396226415096,55.443396226415096,13.330075479220964,55.443396226415096,902973.0,0.2023,
2025-10-13,DKI1,55.154205607476634,80.81681149919456,24.677570093457945,22.813084112149532,43.61214953271028,22.210280373831775,33.68,25.83,28.675833,9.8,10,12.738099,4.673057,1.0182338,8.426887,33.839996,18.675,2.8799999,21.3336,78.0,90.0,57.0,85.791664,100.0,54.0,1007.93915,1010.0054,1005.2212,124.8333702,164.6054958804596,1,0,0,1,Monday,0,4,10,2025,286,55.443396226415096,55.443396226415096,55.443396226415096,55.443396226415096,13.330075479220964,55.443396226415096,902973.0,0.2023,
2025-10-14,DKI1,55.154205607476634,80.81681149919456,24.677570093457945,22.813084112149532,43.61214953271028,22.210280373831775,34.18,25.63,29.1175,2.4,4,13.044722,4.5918083,0.0,108.43504,34.2,13.845,1.4399999,22.2336,76.333336,93.0,51.0,80.166664,100.0,42.0,1006.60187,1008.7055,1004.12573,31.307332799999998,172.01975240319825,1,0,0,1,Tuesday,1,4,10,2025,287,55.443396226415096,55.443396226415096,55.443396226415096,55.443396226415096,13.330075479220964,55.443396226415096,902973.0,0.2023,
2025-10-15,DKI1,55.154205607476634,80.81681149919456,24.677570093457945,22.813084112149532,43.61214953271028,22.210280373831775,33.23,26.679998,29.325834,1.4,2,14.021525,6.0437083,1.8,149.03632,35.64,19.875,4.32,21.9564,75.041664,89.0,58.0,66.625,86.0,39.0,1005.2719,1007.60895,1002.4318,19.630135,187.83492164629374,1,0,0,1,Wednesday,2,4,10,2025,288,55.443396226415096,55.443396226415096,55.443396226415096,55.443396226415096,13.330075479220964,55.443396226415096,902973.0,0.2023,
2025-10-16,DKI1,55.154205607476634,80.81681149919456,24.677570093457945,22.813084112149532,43.61214953271028,22.210280373831775,35.030003,26.38,28.884165,7.3,8,15.379206,4.7867007,1.08,18.435053,36.0,17.715,2.52,19.8612,78.5,91.0,50.0,91.375,100.0,54.0,1005.1987,1007.1009,1002.3251,112.2682038,196.93194749340384,1,0,0,1,Thursday,3,4,10,2025,289,55.443396226415096,55.443396226415096,55.443396226415096,55.443396226415096,13.330075479220964,55.443396226415096,902973.0,0.2023,
2025-10-17,DKI1,55.154205607476634,80.81681149919456,24.677570093457945,22.813084112149532,43.61214953271028,22.210280373831775,35.030003,25.88,29.132082,11.099999,8,14.77755,4.5388494,0.0,224.9999,30.960001,13.29,1.08,21.906,76.208336,94.0,49.0,84.291664,100.0,37.0,1006.06537,1008.19403,1003.23,164.03079022245,195.08602455830422,1,0,0,1,Friday,4,4,10,2025,290,55.443396226415096,55.443396226415096,55.443396226415096,55.443396226415096,13.330075479220964,55.443396226415096,902973.0,0.2023,
2025-10-18,DKI1,55.154205607476634,80.81681149919456,24.677570093457945,22.813084112149532,43.61214953271028,22.210280373831775,33.93,25.779999,28.819582,3.7,7,10.853866,4.055821,1.5273507,135.0001,24.84,11.595,4.68,21.9384,76.333336,90.0,50.0,75.083336,100.0,5.0,1005.5354,1007.80133,1002.8225,40.1593042,142.97745993777082,1,0,1,0,Saturday,5,4,10,2025,291,55.443396226415096,55.443396226415096,55.443396226415096,55.443396226415096,13.330075479220964,55.443396226415096,902973.0,0.2023,
2025-10-19,DKI1,55.154205607476634,80.81681149919456,24.677570093457945,22.813084112149532,43.61214953271028,22.210280373831775,32.530003,25.58,28.761251,0.9,2,10.483357,5.062883,1.2979984,11.76827,25.919998,13.709999,2.8799999,21.4056,77.25,93.0,60.0,65.291664,94.0,30.0,1004.55756,1006.6036,1002.0293,9.4350213,136.32537901008308,1,0,1,0,Sunday,6,4,10,2025,292,55.443396226415096,55.443396226415096,55.443396226415096,55.443396226415096,13.330075479220964,55.443396226415096,902973.0,0.2023,
2025-10-20,DKI1,55.154205607476634,80.81681149919456,24.677570093457945,22.813084112149532,43.61214953271028,22.210280373831775,33.63,25.88,29.08625,0.7,0,10.1376915,4.179935,1.08,180.0,22.319998,11.084999,2.16,21.0996,72.791664,88.0,52.0,89.458336,100.0,49.0,1004.92944,1007.09485,1002.12976,7.09638405,139.9564741642362,1,0,0,1,Monday,0,4,10,2025,293,55.443396226415096,55.443396226415096,55.443396226415096,55.443396226415096,13.330075479220964,55.443396226415096,902973.0,0.2023,
2025-10-21,DKI1,55.154205607476634,80.81681149919456,24.677570093457945,22.813084112149532,43.61214953271028,22.210280373831775,34.73,25.679998,28.938332,12.2,6,13.70839,4.269875,0.5091169,180.0,30.239998,11.04,3.6,19.2204,75.916664,89.0,48.0,97.583336,100.0,56.0,1006.26825,1008.3982,1003.8262,167.242358,181.70342173646486,1,0,0,1,Tuesday,1,4,10,2025,294,55.443396226415096,55.443396226415096,55.443396226415096,55.443396226415096,13.330075479220964,55.443396226415096,902973.0,0.2023,
2025-10-22,DKI1,55.154205607476634,80.81681149919456,24.677570093457945,22.813084112149532,43.61214953271028,22.210280373831775,33.68,25.679998,28.659166,6.7,7,12.849528,5.8180394,0.35999998,258.6901,28.08,14.04,1.8,18.9576,78.458336,92.0,54.0,96.875,100.0,88.0,1007.0114,1009.29065,1004.42426,86.0918376,164.92347200199603,1,0,0,1,Wednesday,2,4,10,2025,295,55.443396226415096,55.443396226415096,55.443396226415096,55.443396226415096,13.330075479220964,55.443396226415096,902973.0,0.2023,
2025-10-23,DKI1,55.154205607476634,80.81681149919456,24.677570093457945,22.813084112149532,43.61214953271028,22.210280373831775,31.38,25.029999,27.59875,1.9000001,3,14.685176,7.1969094,0.0,255.06853,29.519999,15.915,4.32,14.8392,80.958336,95.0,63.0,97.75,100.0,90.0,1007.6423,1009.1877,1005.71155,27.9018358685176,182.77802202536375,1,0,0,1,Thursday,3,4,10,2025,296,55.443396226415096,55.443396226415096,55.443396226415096,55.443396226415096,13.330075479220964,55.443396226415096,902973.0,0.2023,
2025-10-24,DKI1,55.154205607476634,80.81681149919456,24.677570093457945,22.813084112149532,43.61214953271028,22.210280373831775,32.23,24.88,27.957083,2.0,5,12.599998,7.3858285,2.9024127,270.0,29.16,15.84,5.7599998,17.2764,77.541664,89.0,61.0,95.791664,100.0,77.0,1007.4278,1010.08276,1005.2208,25.199996,163.70023043540053,1,0,0,1,Friday,4,4,10,2025,297,55.443396226415096,55.443396226415096,55.443396226415096,55.443396226415096,13.330075479220964,55.443396226415096,902973.0,0.2023,
2025-10-25,DKI1,55.154205607476634,80.81681149919456,24.677570093457945,22.813084112149532,43.61214953271028,22.210280373831775,32.83,24.63,27.89875,0.6,1,9.422101,5.621137,2.5455842,233.13002,23.4,12.134999,4.68,15.318,75.291664,89.0,56.0,98.416664,100.0,91.0,1007.6812,1009.0929,1005.1229,5.653260599999999,126.10259274122565,1,0,1,0,Saturday,5,4,10,2025,298,55.443396226415096,55.443396226415096,55.443396226415096,55.443396226415096,13.330075479220964,55.443396226415096,902973.0,0.2023,
2025-10-26,DKI1,55.154205607476634,80.81681149919456,24.677570093457945,22.813084112149532,43.61214953271028,22.210280373831775,33.08,25.029999,28.169584,2.3000002,4,12.397806,4.240474,0.8049845,180.0,23.039999,9.285,4.32,20.1888,75.375,93.0,51.0,99.875,100.0,97.0,1008.12787,1010.09357,1006.3118,28.514956279561197,165.8185572862782,1,0,1,0,Sunday,6,4,10,2025,299,55.443396226415096,55.443396226415096,55.443396226415096,55.443396226415096,13.330075479220964,55.443396226415096,902973.0,0.2023,
2025-10-27,DKI1,55.154205607476634,80.81681149919456,24.677570093457945,22.813084112149532,43.61214953271028,22.210280373831775,32.68,24.48,27.719582,14.3,8,14.529915,5.204812,2.0364676,224.9999,26.28,10.71,4.32,19.6632,80.625,94.0,57.0,95.916664,100.0,73.0,1008.6538,1010.29004,1006.1096,207.77778450000002,181.77555322080002,1,0,0,1,Monday,0,4,10,2025,300,55.443396226415096,55.443396226415096,55.443396226415096,55.443396226415096,13.330075479220964,55.443396226415096,902973.0,0.2023,
2025-10-28,DKI1,55.154205607476634,80.81681149919456,24.677570093457945,22.813084112149532,43.61214953271028,22.210280373831775,31.38,25.63,27.534166,6.0,7,7.628263,4.284863,1.484318,216.86998,20.519999,9.66,2.8799999,15.4692,82.125,92.0,67.0,100.0,100.0,100.0,1009.123,1010.99335,1007.40137,45.769577999999996,93.73340204991172,1,0,0,1,Tuesday,1,4,10,2025,301,55.443396226415096,55.443396226415096,55.443396226415096,55.443396226415096,13.330075479220964,55.443396226415096,902973.0,0.2023,
2025-10-29,DKI1,55.154205607476634,80.81681149919456,24.677570093457945,22.813084112149532,43.61214953271028,22.210280373831775,32.43,24.779999,28.275833,3.0,3,5.315336,2.6888978,1.0182338,135.0001,16.56,7.77,2.16,21.8268,74.375,89.0,54.0,93.166664,100.0,70.0,1008.98114,1010.9993,1006.32104,15.946008,72.10855498168793,1,0,0,1,Wednesday,2,4,10,2025,302,55.443396226415096,55.443396226415096,55.443396226415096,55.443396226415096,13.330075479220964,55.443396226415096,902973.0,0.2023,
2025-10-30,DKI1,55.154205607476634,80.81681149919456,24.677570093457945,22.813084112149532,43.61214953271028,22.210280373831775,33.08,25.98,28.255,11.0,5,8.404285,3.9445925,1.484318,215.53777,16.919998,8.265,3.96,18.9252,80.5,95.0,56.0,98.583336,100.0,81.0,1008.80225,1010.5975,1006.2218,92.447135,105.32002009492237,1,0,0,1,Thursday,3,4,10,2025,303,55.443396226415096,55.443396226415096,55.443396226415096,55.443396226415096,13.330075479220964,55.443396226415096,902973.0,0.2023,
2025-10-31,DKI1,55.154205607476634,80.81681149919456,24.677570093457945,22.813084112149532,43.61214953271028,22.210280373831775,33.08,25.33,28.071665,13.6,8,10.948973,4.2721295,0.71999997,180.0,21.599998,9.974999,3.6,21.0492,79.916664,95.0,58.0,78.208336,100.0,36.0,1009.6333,1011.4929,1007.3132,148.9060328,138.3246895991667,1,0,0,1,Friday,4,4,10,2025,304,55.443396226415096,55.443396226415096,55.443396226415096,55.443396226415096,13.330075479220964,55.443396226415096,902973.0,0.2023,
2025-11-01,DKI1,48.80288461538461,70.90775649364178,23.822115384615383,23.76923076923077,42.3125,18.91346153846154,33.780003,24.88,28.071665,6.5,5,11.966953,4.757506,1.2979984,243.43501,23.4,11.535,3.2399998,20.412,78.625,93.0,53.0,77.833336,100.0,10.0,1009.26715,1011.193,1006.6303,77.7851945,153.6133869442792,1,0,1,0,Saturday,5,4,11,2025,305,55.443396226415096,55.443396226415096,55.443396226415096,55.443396226415096,13.330075479220964,55.443396226415096,902973.0,0.2023,
2025-11-02,DKI1,48.80288461538461,70.90775649364178,23.822115384615383,23.76923076923077,42.3125,18.91346153846154,33.83,25.38,28.467499,15.599999,9,15.683776,4.647246,0.5091169,224.9999,29.88,11.415,1.08,21.3732,76.958336,89.0,54.0,92.916664,100.0,36.0,1008.9614,1010.8942,1006.8171,244.666889916224,205.62196914245132,1,0,1,0,Sunday,6,4,11,2025,306,55.443396226415096,55.443396226415096,55.443396226415096,55.443396226415096,13.330075479220964,55.443396226415096,902973.0,0.2023,
2025-11-03,DKI1,48.80288461538461,70.90775649364178,23.822115384615383,23.76923076923077,42.3125,18.91346153846154,33.98,25.23,28.6175,7.8,6,12.43434,5.215661,1.1384199,201.80147,28.44,12.45,3.6,22.0428,76.75,90.0,52.0,97.0,100.0,56.0,1008.47125,1010.49414,1005.71313,96.987852,163.38337984006515,1,0,0,1,Monday,0,4,11,2025,307,55.443396226415096,55.443396226415096,55.443396226415096,55.443396226415096,13.330075479220964,55.443396226415096,902973.0,0.2023,
2025-11-04,DKI1,48.80288461538461,70.90775649364178,23.822115384615383,23.76923076923077,42.3125,18.91346153846154,34.18,25.08,29.294584,0.6,1,13.979871,5.1933575,1.08,180.0,28.44,12.03,2.8799999,23.4036,72.041664,94.0,47.0,90.875,100.0,46.0,1007.7468,1010.006,1004.6309,8.3879226,195.55586979033134,1,0,0,1,Tuesday,1,4,11,2025,308,55.443396226415096,55.443396226415096,55.443396226415096,55.443396226415096,13.330075479220964,55.443396226415096,902973.0,0.2023,
2025-11-05,DKI1,48.80288461538461,70.90775649364178,23.822115384615383,23.76923076923077,42.3125,18.91346153846154,32.18,25.929998,28.144583,0.1,0,20.523157,9.2248955,2.0991426,243.43501,41.399998,19.92,4.32,16.5024,71.708336,87.0,58.0,95.875,100.0,67.0,1007.54535,1009.60315,1005.0186,2.0523157000000003,288.36272818644056,1,0,0,1,Wednesday,2,4,11,2025,309,55.443396226415096,55.443396226415096,55.443396226415096,55.443396226415096,13.330075479220964,55.443396226415096,902973.0,0.2023,
2025-11-06,DKI1,48.80288461538461,70.90775649364178,23.822115384615383,23.76923076923077,42.3125,18.91346153846154,31.779999,25.38,28.007082,0.0,0,22.380884,11.58546,4.1046314,251.56496,43.56,23.76,7.92,19.8108,73.041664,84.0,58.0,85.333336,100.0,43.0,1007.3199,1009.1877,1005.0161,0.0,308.6554796012259,0,0,0,1,Thursday,3,4,11,2025,310,55.443396226415096,55.443396226415096,55.443396226415096,55.443396226415096,13.330075479220964,55.443396226415096,902973.0,0.2023,
2025-11-07,DKI1,48.80288461538461,70.90775649364178,23.822115384615383,23.76923076923077,42.3125,18.91346153846154,33.13,25.029999,28.14875,1.1,2,18.03237,9.826243,2.8116899,224.9999,36.719997,20.775,5.3999996,19.9908,75.125,88.0,54.0,89.125,100.0,69.0,1007.1335,1008.89764,1004.72125,19.835607000000003,241.74381246449252,1,0,0,1,Friday,4,4,11,2025,311,55.443396226415096,55.443396226415096,55.443396226415096,55.443396226415096,13.330075479220964,55.443396226415096,902973.0,0.2023,
2025-11-08,DKI1,48.80288461538461,70.90775649364178,23.822115384615383,23.76923076923077,42.3125,18.91346153846154,30.23,25.23,27.175833,3.0,6,21.41319,11.564018,4.5536795,266.6336,52.92,27.765,10.08,16.344,80.166664,90.0,66.0,94.083336,100.0,61.0,1008.4263,1009.98096,1007.00604,64.23957,269.35914363228335,1,0,1,0,Saturday,5,4,11,2025,312,55.443396226415096,55.443396226415096,55.443396226415096,55.443396226415096,13.330075479220964,55.443396226415096,902973.0,0.2023,
2025-11-09,DKI1,48.80288461538461,70.90775649364178,23.822115384615383,23.76923076923077,42.3125,18.91346153846154,32.23,24.429998,27.790415,0.90000004,2,16.263872,7.687041,2.0364676,243.43501,37.44,18.615,4.32,18.486,74.958336,88.0,55.0,99.541664,100.0,92.0,1007.66406,1009.5093,1005.32135,14.637485450554879,218.6350466856724,1,0,1,0,Sunday,6,4,11,2025,313,55.443396226415096,55.443396226415096,55.443396226415096,55.443396226415096,13.330075479220964,55.443396226415096,902973.0,0.2023,
2025-11-10,DKI1,48.80288461538461,70.90775649364178,23.822115384615383,23.76923076923077,42.3125,18.91346153846154,32.780003,24.88,28.027916,0.0,0,17.698677,8.802793,3.5455887,257.27563,40.32,20.85,7.5599995,22.6224,74.083336,87.0,54.0,78.833336,100.0,7.0,1007.2618,1009.0073,1005.01483,0.0,240.63712860660863,0,0,0,1,Monday,0,4,11,2025,314,55.443396226415096,55.443396226415096,55.443396226415096,55.443396226415096,13.330075479220964,55.443396226415096,902973.0,0.2023,
2025-11-11,DKI1,48.80288461538461,70.90775649364178,23.822115384615383,23.76923076923077,42.3125,18.91346153846154,30.63,25.029999,27.29875,2.2,5,16.676977,8.87312,3.0547013,249.44386,41.039997,21.915,6.4799995,16.56,75.791664,83.0,66.0,95.416664,100.0,66.0,1007.8737,1010.08215,1006.10846,36.689349400000005,221.76959347145225,1,0,0,1,Tuesday,1,4,11,2025,315,55.443396226415096,55.443396226415096,55.443396226415096,55.443396226415096,13.330075479220964,55.443396226415096,902973.0,0.2023,
2025-11-12,DKI1,48.80288461538461,70.90775649364178,23.822115384615383,23.76923076923077,42.3125,18.91346153846154,31.679998,24.429998,26.529999,1.6999999,2,15.827721,10.25644,5.7599998,254.47583,36.36,23.835,13.679999,11.79,81.416664,91.0,61.0,98.708336,100.0,90.0,1008.6433,1010.6799,1006.407,26.907124117227898,196.08424070187033,1,0,0,1,Wednesday,2,4,11,2025,316,55.443396226415096,55.443396226415096,55.443396226415096,55.443396226415096,13.330075479220964,55.443396226415096,902973.0,0.2023,
2025-11-13,DKI1,48.80288461538461,70.90775649364178,23.822115384615383,23.76923076923077,42.3125,18.91346153846154,30.679998,24.58,27.046667,0.70000005,2,16.520823,9.114248,3.8773184,266.186,39.6,21.99,9.36,17.3952,77.458336,89.0,62.0,91.458336,100.0,48.0,1008.5961,1010.29675,1006.40985,11.56457692604115,215.12000524501713,1,0,0,1,Thursday,3,4,11,2025,317,55.443396226415096,55.443396226415096,55.443396226415096,55.443396226415096,13.330075479220964,55.443396226415096,902973.0,0.2023,
2025-11-14,DKI1,48.80288461538461,70.90775649364178,23.822115384615383,23.76923076923077,42.3125,18.91346153846154,30.029999,24.48,26.6425,0.3,1,16.24394,9.141517,4.379589,270.0,41.760002,21.225,10.799999,15.5268,79.958336,89.0,65.0,83.875,100.0,48.0,1007.55396,1009.4796,1005.1091,4.873181999999999,204.68967829698704,1,0,0,1,Friday,4,4,11,2025,318,55.443396226415096,55.443396226415096,55.443396226415096,55.443396226415096,13.330075479220964,55.443396226415096,902973.0,0.2023,
2025-11-15,DKI1,48.80288461538461,70.90775649364178,23.822115384615383,23.76923076923077,42.3125,18.91346153846154,31.98,24.08,27.440414,5.4,6,11.753877,6.026633,1.1384199,257.00537,33.12,16.035,3.96,18.5832,78.416664,87.0,62.0,93.208336,100.0,49.0,1007.57477,1009.58704,1005.71405,63.4709358,151.02542381659194,1,0,1,0,Saturday,5,4,11,2025,319,55.443396226415096,55.443396226415096,55.443396226415096,55.443396226415096,13.330075479220964,55.443396226415096,902973.0,0.2023,
2025-11-16,DKI1,48.80288461538461,70.90775649364178,23.822115384615383,23.76923076923077,42.3125,18.91346153846154,32.530003,25.029999,28.123749,0.0,0,18.775301,9.989529,4.6938252,270.0,40.68,22.74,10.440001,20.43,75.75,90.0,56.0,99.916664,100.0,99.0,1007.84467,1009.78516,1004.92194,0.0,249.80312924746758,0,0,1,0,Sunday,6,4,11,2025,320,55.443396226415096,55.443396226415096,55.443396226415096,55.443396226415096,13.330075479220964,55.443396226415096,902973.0,0.2023,
2025-11-17,DKI1,48.80288461538461,70.90775649364178,23.822115384615383,23.76923076923077,42.3125,18.91346153846154,32.780003,24.73,28.200834,0.1,0,17.227419,9.065055,2.9024127,255.96373,37.079998,20.939999,5.7599998,20.6244,73.0,84.0,56.0,93.208336,100.0,48.0,1007.6787,1009.50397,1004.9232,1.7227419000000002,237.80415318185345,1,0,0,1,Monday,0,4,11,2025,321,55.443396226415096,55.443396226415096,55.443396226415096,55.443396226415096,13.330075479220964,55.443396226415096,902973.0,0.2023,
2025-11-18,DKI1,48.80288461538461,70.90775649364178,23.822115384615383,23.76923076923077,42.3125,18.91346153846154,31.929998,24.38,27.084166,8.8,6,12.24,4.66734,1.4399999,180.0,27.72,13.514999,3.2399998,16.8804,81.208336,90.0,62.0,75.458336,100.0,39.0,1006.9614,1008.7976,1004.90375,107.71200000000002,151.77268914856228,1,0,0,1,Tuesday,1,4,11,2025,322,55.443396226415096,55.443396226415096,55.443396226415096,55.443396226415096,13.330075479220964,55.443396226415096,902973.0,0.2023,
2025-11-19,DKI1,48.80288461538461,70.90775649364178,23.822115384615383,23.76923076923077,42.3125,18.91346153846154,31.88,24.029999,27.069582,11.0,6,12.387348,5.535332,0.8049845,141.34016,32.039997,14.399999,1.4399999,17.8596,83.291664,96.0,62.0,90.458336,100.0,44.0,1006.84064,1008.69293,1004.4165,136.260828,149.73989940004947,1,0,0,1,Wednesday,2,4,11,2025,323,55.443396226415096,55.443396226415096,55.443396226415096,55.443396226415096,13.330075479220964,55.443396226415096,902973.0,0.2023,
2025-11-20,DKI1,48.80288461538461,70.90775649364178,23.822115384615383,23.76923076923077,42.3125,18.91346153846154,28.929998,24.48,26.302916,13.7,10,14.332341,7.809328,1.609969,279.46225,33.839996,18.81,3.96,10.5552,87.416664,94.0,79.0,99.333336,100.0,84.0,1007.39825,1009.1801,1005.3012,196.3530717,165.16730999713337,1,0,0,1,Thursday,3,4,11,2025,324,55.443396226415096,55.443396226415096,55.443396226415096,55.443396226415096,13.330075479220964,55.443396226415096,902973.0,0.2023,
2025-11-21,DKI1,48.80288461538461,70.90775649364178,23.822115384615383,23.76923076923077,42.3125,18.91346153846154,32.33,24.13,27.505,0.6,2,12.661564,8.698895,5.0528407,244.2901,29.88,19.769999,11.5199995,19.9332,78.708336,93.0,58.0,92.291664,100.0,55.0,1007.3381,1009.1094,1005.01984,7.5969384,162.04733159126118,1,0,0,1,Friday,4,4,11,2025,325,55.443396226415096,55.443396226415096,55.443396226415096,55.443396226415096,13.330075479220964,55.443396226415096,902973.0,0.2023,
2025-11-22,DKI1,48.80288461538461,70.90775649364178,23.822115384615383,23.76923076923077,42.3125,18.91346153846154,33.13,24.48,27.96125,2.0,4,10.137692,3.2456293,0.5091169,180.0,23.039999,8.655,1.4399999,19.9476,76.041664,90.0,49.0,88.083336,100.0,54.0,1006.7996,1008.6041,1004.418,20.275384,134.22410443994494,1,0,1,0,Saturday,5,4,11,2025,326,55.443396226415096,55.443396226415096,55.443396226415096,55.443396226415096,13.330075479220964,55.443396226415096,902973.0,0.2023,
2025-11-23,DKI1,48.80288461538461,70.90775649364178,23.822115384615383,23.76923076923077,42.3125,18.91346153846154,31.029999,25.429998,27.594582,3.3,3,11.966953,6.0940766,1.8,263.6599,25.56,14.1449995,3.6,14.9652,80.083336,92.0,66.0,99.75,100.0,94.0,1006.63135,1008.19934,1004.71216,39.490944899999995,150.42218088637753,1,0,1,0,Sunday,6,4,11,2025,327,55.443396226415096,55.443396226415096,55.443396226415096,55.443396226415096,13.330075479220964,55.443396226415096,902973.0,0.2023,
2025-11-24,DKI1,48.80288461538461,70.90775649364178,23.822115384615383,23.76923076923077,42.3125,18.91346153846154,34.13,24.679998,28.498749,0.0,0,19.13426,8.115193,2.7416782,251.56496,37.8,17.58,5.3999996,21.8808,68.375,85.0,48.0,74.625,100.0,37.0,1006.1784,1008.1043,1003.6347,0.0,281.57190657380625,0,0,0,1,Monday,0,4,11,2025,328,55.443396226415096,55.443396226415096,55.443396226415096,55.443396226415096,13.330075479220964,55.443396226415096,902973.0,0.2023,
2025-11-25,DKI1,48.80288461538461,70.90775649364178,23.822115384615383,23.76923076923077,42.3125,18.91346153846154,33.98,23.88,28.5675,0.0,0,14.118243,6.950474,2.7416782,240.2552,27.72,14.774999,5.04,22.7484,66.291664,85.0,46.0,96.083336,100.0,69.0,1005.5964,1007.2973,1002.9374,0.0,214.1634932429091,0,0,0,1,Tuesday,1,4,11,2025,329,55.443396226415096,55.443396226415096,55.443396226415096,55.443396226415096,13.330075479220964,55.443396226415096,902973.0,0.2023,
2025-11-26,DKI1,48.80288461538461,70.90775649364178,23.822115384615383,23.76923076923077,42.3125,18.91346153846154,33.38,24.38,28.34875,0.1,0,16.24394,7.1685615,2.8116899,230.19447,32.399998,15.329999,5.3999996,23.328,70.958336,86.0,47.0,80.666664,100.0,12.0,1005.7825,1007.9877,1003.32574,1.624394,230.24596550643463,1,0,0,1,Wednesday,2,4,11,2025,330,55.443396226415096,55.443396226415096,55.443396226415096,55.443396226415096,13.330075479220964,55.443396226415096,902973.0,0.2023,
2025-11-27,DKI1,48.80288461538461,70.90775649364178,23.822115384615383,23.76923076923077,42.3125,18.91346153846154,32.63,24.929998,28.252916,0.3,0,10.685391,4.0696783,1.2979984,213.6901,23.4,9.749999,2.52,17.9424,74.958336,90.0,55.0,80.208336,100.0,4.0,1006.9177,1008.8057,1004.8184,3.2056172999999997,143.5371955071241,1,0,0,1,Thursday,3,4,11,2025,331,55.443396226415096,55.443396226415096,55.443396226415096,55.443396226415096,13.330075479220964,55.443396226415096,902973.0,0.2023,
2025-11-28,DKI1,48.80288461538461,70.90775649364178,23.822115384615383,23.76923076923077,42.3125,18.91346153846154,33.030003,24.38,28.234167,4.8,4,11.165805,3.6682107,0.5091169,224.9999,24.119999,9.884999,3.2399998,19.0908,74.833336,89.0,54.0,94.166664,100.0,30.0,1007.0424,1008.7055,1005.3094,53.595864,150.25975943571459,1,0,0,1,Friday,4,4,11,2025,332,55.443396226415096,55.443396226415096,55.443396226415096,55.443396226415096,13.330075479220964,55.443396226415096,902973.0,0.2023,
2025-11-29,DKI1,48.80288461538461,70.90775649364178,23.822115384615383,23.76923076923077,42.3125,18.91346153846154,33.530003,24.98,28.771667,5.1000004,4,9.422101,4.429111,2.2768397,206.56499,21.24,10.919999,4.68,20.1348,70.208336,83.0,47.0,99.166664,100.0,80.0,1007.5944,1009.2041,1005.22876,48.052718868840394,135.22121082366058,1,0,1,0,Saturday,5,4,11,2025,333,55.443396226415096,55.443396226415096,55.443396226415096,55.443396226415096,13.330075479220964,55.443396226415096,902973.0,0.2023,
2025-11-30,DKI1,48.80288461538461,70.90775649364178,23.822115384615383,23.76923076923077,42.3125,18.91346153846154,32.73,25.679998,28.313332,10.2,12,10.495713,4.568834,0.8049845,158.19853,23.759998,11.505,2.8799999,16.8048,75.375,87.0,58.0,99.291664,100.0,83.0,1008.94403,1011.3845,1007.0155,107.0562726,140.49203279526887,1,0,1,0,Sunday,6,4,11,2025,334,55.443396226415096,55.443396226415096,55.443396226415096,55.443396226415096,13.330075479220964,55.443396226415096,902973.0,0.2023,
2025-09-01,DKI2,67.13586956521739,89.8844926253609,35.67934782608695,14.13586956521739,70.47826086956522,19.39673913043478,32.45,24.85,28.039583,1.0,2,15.379206,9.35342,5.1165614,126.86998,34.92,21.495,10.799999,20.6892,73.25,85.0,51.0,44.75,95.0,0.0,1008.2536,1009.96484,1005.9799,15.379206,211.68791555824708,1,0,0,1,Monday,0,3,9,2025,244,67.13586956521739,67.13586956521739,67.13586956521739,67.13586956521739,18.160526936766416,67.13586956521739,1645659.0,0.23400625,
2025-09-02,DKI2,67.13586956521739,89.8844926253609,35.67934782608695,14.13586956521739,70.47826086956522,19.39673913043478,32.95,25.25,28.362501,0.0,0,18.998316,10.715553,5.692099,111.801476,40.68,24.06,11.5199995,21.1356,70.541664,87.0,47.0,41.875,100.0,0.0,1008.6418,1010.5702,1006.2853,0.0,271.6479107610617,0,0,0,1,Tuesday,1,3,9,2025,245,67.13586956521739,67.13586956521739,67.13586956521739,67.13586956521739,18.160526936766416,67.13586956521739,1645659.0,0.23400625,
2025-09-03,DKI2,67.13586956521739,89.8844926253609,35.67934782608695,14.13586956521739,70.47826086956522,19.39673913043478,33.8,24.85,28.529167,0.0,0,20.63023,11.09547,5.634891,119.357666,45.36,25.455,13.32,24.174,69.833336,89.0,45.0,40.0,89.0,0.0,1009.13763,1011.1718,1006.8841,0.0,298.1203906477402,0,0,0,1,Wednesday,2,3,9,2025,246,67.13586956521739,67.13586956521739,67.13586956521739,67.13586956521739,18.160526936766416,67.13586956521739,1645659.0,0.23400625,
2025-09-04,DKI2,67.13586956521739,89.8844926253609,35.67934782608695,14.13586956521739,70.47826086956522,19.39673913043478,32.35,25.1,28.220833,0.0,0,16.485485,9.356357,3.8939953,129.80553,37.44,22.275,9.0,21.474,73.791664,87.0,53.0,46.375,100.0,0.0,1008.8078,1010.972,1006.6795,0.0,225.3735036356275,0,0,0,1,Thursday,3,3,9,2025,247,67.13586956521739,67.13586956521739,67.13586956521739,67.13586956521739,18.160526936766416,67.13586956521739,1645659.0,0.23400625,
2025-09-05,DKI2,67.13586956521739,89.8844926253609,35.67934782608695,14.13586956521739,70.47826086956522,19.39673913043478,31.15,25.3,28.091667,2.6,4,11.159999,4.853365,0.35999998,180.0,30.599998,14.174999,4.68,21.0312,78.541664,91.0,63.0,60.916668,99.0,30.0,1009.17365,1011.07056,1007.0784,29.0159974,143.39366332786568,1,1,0,0,Friday,4,3,9,2025,248,67.13586956521739,67.13586956521739,67.13586956521739,67.13586956521739,18.160526936766416,67.13586956521739,1645659.0,0.23400625,Prophet's Birthday
2025-09-06,DKI2,67.13586956521739,89.8844926253609,35.67934782608695,14.13586956521739,70.47826086956522,19.39673913043478,31.4,25.0,27.7875,3.5,4,11.440978,6.1727333,1.8,158.19853,28.08,15.764999,7.92,20.9304,75.416664,88.0,57.0,78.875,100.0,22.0,1009.80524,1011.5752,1007.87384,40.043423,153.19107107581317,1,0,1,0,Saturday,5,3,9,2025,249,67.13586956521739,67.13586956521739,67.13586956521739,67.13586956521739,18.160526936766416,67.13586956521739,1645659.0,0.23400625,
2025-09-07,DKI2,67.13586956521739,89.8844926253609,35.67934782608695,14.13586956521739,70.47826086956522,19.39673913043478,31.45,25.1,27.816666,0.2,1,10.538843,5.613926,2.5455842,208.61037,25.56,14.13,5.3999996,20.8476,71.583336,89.0,55.0,69.708336,100.0,7.0,1009.4224,1011.5638,1007.17645,2.1077686,148.61202046078435,1,0,1,0,Sunday,6,3,9,2025,250,67.13586956521739,67.13586956521739,67.13586956521739,67.13586956521739,18.160526936766416,67.13586956521739,1645659.0,0.23400625,
2025-09-08,DKI2,67.13586956521739,89.8844926253609,35.67934782608695,14.13586956521739,70.47826086956522,19.39673913043478,32.6,25.1,28.19375,0.2,1,13.627795,6.2349834,2.3051248,123.690094,33.48,15.899999,5.3999996,22.1652,72.916664,90.0,49.0,67.541664,100.0,32.0,1009.3322,1011.1712,1007.0775,2.7255590000000005,188.6396271296641,1,0,0,1,Monday,0,3,9,2025,251,67.13586956521739,67.13586956521739,67.13586956521739,67.13586956521739,18.160526936766416,67.13586956521739,1645659.0,0.23400625,
2025-09-09,DKI2,67.13586956521739,89.8844926253609,35.67934782608695,14.13586956521739,70.47826086956522,19.39673913043478,31.75,25.8,28.21875,0.3,1,10.594036,4.70093,0.5091169,44.999897,25.919998,12.329999,2.8799999,20.5776,76.541664,91.0,57.0,84.833336,100.0,35.0,1009.74854,1011.7712,1007.07806,3.1782107999999996,139.75803274550498,1,0,0,1,Tuesday,1,3,9,2025,252,67.13586956521739,67.13586956521739,67.13586956521739,67.13586956521739,18.160526936766416,67.13586956521739,1645659.0,0.23400625,
2025-09-10,DKI2,67.13586956521739,89.8844926253609,35.67934782608695,14.13586956521739,70.47826086956522,19.39673913043478,30.9,25.2,27.852083,4.2,9,12.181625,6.0707383,1.2979984,189.46225,32.039997,17.01,5.04,19.9764,80.875,94.0,63.0,81.916664,100.0,39.0,1008.9731,1010.971,1006.1794,51.162825000000005,151.97442892472952,1,0,0,1,Wednesday,2,3,9,2025,253,67.13586956521739,67.13586956521739,67.13586956521739,67.13586956521739,18.160526936766416,67.13586956521739,1645659.0,0.23400625,
2025-09-11,DKI2,67.13586956521739,89.8844926253609,35.67934782608695,14.13586956521739,70.47826086956522,19.39673913043478,30.55,25.15,27.439583,3.5,9,10.446206,5.8013206,0.5091169,158.19853,28.44,15.704999,7.92,18.576,80.041664,89.0,64.0,90.5,100.0,55.0,1009.05493,1011.0624,1006.87427,36.561721,131.69136094041698,1,0,0,1,Thursday,3,3,9,2025,254,67.13586956521739,67.13586956521739,67.13586956521739,67.13586956521739,18.160526936766416,67.13586956521739,1645659.0,0.23400625,
2025-09-12,DKI2,67.13586956521739,89.8844926253609,35.67934782608695,14.13586956521739,70.47826086956522,19.39673913043478,31.65,25.1,27.63125,10.7,8,12.371645,5.736243,1.484318,238.39255,32.399998,15.044999,6.8399997,18.7524,80.5,92.0,61.0,96.208336,100.0,76.0,1009.62994,1011.3615,1006.977,132.3766015,155.16500868386706,1,0,0,1,Friday,4,3,9,2025,255,67.13586956521739,67.13586956521739,67.13586956521739,67.13586956521739,18.160526936766416,67.13586956521739,1645659.0,0.23400625,
2025-09-13,DKI2,67.13586956521739,89.8844926253609,35.67934782608695,14.13586956521739,70.47826086956522,19.39673913043478,31.8,25.15,28.302084,0.0,0,13.039754,6.4356933,1.0182338,3.2704222,28.44,15.134999,8.64,23.472,76.041664,90.0,57.0,45.458332,100.0,4.0,1009.9694,1011.86975,1007.87866,0.0,173.19127213638563,0,0,1,0,Saturday,5,3,9,2025,256,67.13586956521739,67.13586956521739,67.13586956521739,67.13586956521739,18.160526936766416,67.13586956521739,1645659.0,0.23400625,
2025-09-14,DKI2,67.13586956521739,89.8844926253609,35.67934782608695,14.13586956521739,70.47826086956522,19.39673913043478,32.65,25.2,28.289583,0.8,2,15.725037,7.5062237,2.0364676,156.0375,33.48,17.505,5.04,23.1228,75.333336,91.0,53.0,83.708336,100.0,39.0,1009.832,1011.67,1007.5793,12.580029600000001,210.79174780981424,1,0,1,0,Sunday,6,3,9,2025,257,67.13586956521739,67.13586956521739,67.13586956521739,67.13586956521739,18.160526936766416,67.13586956521739,1645659.0,0.23400625,
2025-09-15,DKI2,67.13586956521739,89.8844926253609,35.67934782608695,14.13586956521739,70.47826086956522,19.39673913043478,32.35,25.8,28.56875,0.0,0,14.4,6.89776,0.71999997,360.0,34.56,16.455,4.32,21.4272,71.791664,84.0,52.0,66.833336,100.0,3.0,1009.6457,1011.7727,1007.1793,0.0,202.51512877595374,0,0,0,1,Monday,0,3,9,2025,258,67.13586956521739,67.13586956521739,67.13586956521739,67.13586956521739,18.160526936766416,67.13586956521739,1645659.0,0.23400625,
2025-09-16,DKI2,67.13586956521739,89.8844926253609,35.67934782608695,14.13586956521739,70.47826086956522,19.39673913043478,31.45,26.1,28.391668,20.4,10,11.841756,5.1407113,1.08,327.99466,29.519999,13.799999,3.2399998,20.4804,75.666664,86.0,58.0,86.583336,100.0,48.0,1009.5827,1011.67285,1007.1784,241.57182239999997,157.99866629803054,1,0,0,1,Tuesday,1,3,9,2025,259,67.13586956521739,67.13586956521739,67.13586956521739,67.13586956521739,18.160526936766416,67.13586956521739,1645659.0,0.23400625,
2025-09-17,DKI2,67.13586956521739,89.8844926253609,35.67934782608695,14.13586956521739,70.47826086956522,19.39673913043478,30.3,25.3,27.670832,12.3,12,12.864649,6.123529,0.8049845,189.46225,30.239998,15.959999,5.3999996,19.656,78.791664,90.0,68.0,89.375,100.0,33.0,1009.7758,1012.06195,1007.1778,158.2351827,164.8703755729058,1,0,0,1,Wednesday,2,3,9,2025,260,67.13586956521739,67.13586956521739,67.13586956521739,67.13586956521739,18.160526936766416,67.13586956521739,1645659.0,0.23400625,
2025-09-18,DKI2,67.13586956521739,89.8844926253609,35.67934782608695,14.13586956521739,70.47826086956522,19.39673913043478,31.2,25.25,27.904167,1.5,2,10.195057,6.619143,2.8799999,90.0,23.4,15.674999,7.2,17.73,77.875,91.0,62.0,86.166664,100.0,45.0,1009.62256,1011.96533,1006.7822,15.292585500000001,132.17540350158484,1,0,0,1,Thursday,3,3,9,2025,261,67.13586956521739,67.13586956521739,67.13586956521739,67.13586956521739,18.160526936766416,67.13586956521739,1645659.0,0.23400625,
2025-09-19,DKI2,67.13586956521739,89.8844926253609,35.67934782608695,14.13586956521739,70.47826086956522,19.39673913043478,31.35,25.75,28.091667,4.7000003,6,10.495713,4.70217,0.8049845,185.19434,38.16,19.8,2.52,19.4148,79.0,92.0,62.0,91.375,100.0,45.0,1009.6982,1011.66876,1007.5766,49.3298542487139,134.14560156729874,1,0,0,1,Friday,4,3,9,2025,262,67.13586956521739,67.13586956521739,67.13586956521739,67.13586956521739,18.160526936766416,67.13586956521739,1645659.0,0.23400625,
2025-09-20,DKI2,67.13586956521739,89.8844926253609,35.67934782608695,14.13586956521739,70.47826086956522,19.39673913043478,30.7,25.95,27.747917,4.2,5,15.496736,8.318022,1.8,206.56499,39.6,21.6,5.3999996,17.1036,80.833336,90.0,63.0,97.916664,100.0,78.0,1009.52637,1011.7702,1007.8746,65.0862912,193.53851288444065,1,0,1,0,Saturday,5,3,9,2025,263,67.13586956521739,67.13586956521739,67.13586956521739,67.13586956521739,18.160526936766416,67.13586956521739,1645659.0,0.23400625,
2025-09-21,DKI2,67.13586956521739,89.8844926253609,35.67934782608695,14.13586956521739,70.47826086956522,19.39673913043478,31.35,25.5,28.0,4.5,7,11.525623,6.1361485,1.484318,125.537766,30.960001,17.25,6.4799995,21.1032,80.625,92.0,63.0,74.541664,100.0,29.0,1009.90594,1011.96967,1007.8761,51.865303499999996,144.36955199876738,1,0,1,0,Sunday,6,3,9,2025,264,67.13586956521739,67.13586956521739,67.13586956521739,67.13586956521739,18.160526936766416,67.13586956521739,1645659.0,0.23400625,
2025-09-22,DKI2,67.13586956521739,89.8844926253609,35.67934782608695,14.13586956521739,70.47826086956522,19.39673913043478,33.4,25.25,28.50625,3.5,4,15.629971,7.191691,2.2768397,14.676441,35.64,18.42,6.8399997,23.8356,78.666664,95.0,54.0,67.083336,100.0,0.0,1009.0252,1010.7668,1005.68024,54.7048985,200.4792603671258,1,0,0,1,Monday,0,3,9,2025,265,67.13586956521739,67.13586956521739,67.13586956521739,67.13586956521739,18.160526936766416,67.13586956521739,1645659.0,0.23400625,
2025-09-23,DKI2,67.13586956521739,89.8844926253609,35.67934782608695,14.13586956521739,70.47826086956522,19.39673913043478,32.0,25.5,28.34375,1.1,2,11.928989,6.013931,2.9024127,1.8475709,29.16,16.394999,7.2,22.9248,79.083336,90.0,60.0,82.291664,100.0,20.0,1009.1704,1011.56976,1006.18,13.1218879,152.22401089308624,1,0,0,1,Tuesday,1,3,9,2025,266,67.13586956521739,67.13586956521739,67.13586956521739,67.13586956521739,18.160526936766416,67.13586956521739,1645659.0,0.23400625,
2025-09-24,DKI2,67.13586956521739,89.8844926253609,35.67934782608695,14.13586956521739,70.47826086956522,19.39673913043478,32.0,25.2,28.487501,0.3,1,11.609651,5.050818,2.3051248,180.0,33.839996,13.829999,5.7599998,23.6808,74.5,93.0,56.0,74.291664,100.0,20.0,1008.2967,1010.3678,1005.38214,3.4828952999999996,157.12715156311006,1,0,0,1,Wednesday,2,3,9,2025,267,67.13586956521739,67.13586956521739,67.13586956521739,67.13586956521739,18.160526936766416,67.13586956521739,1645659.0,0.23400625,
2025-09-25,DKI2,67.13586956521739,89.8844926253609,35.67934782608695,14.13586956521739,70.47826086956522,19.39673913043478,31.6,25.35,28.197916,5.5,5,10.538843,5.78229,2.5455842,4.085537,26.28,14.88,5.3999996,23.0616,76.375,89.0,59.0,62.208332,92.0,16.0,1008.8618,1011.46295,1006.67926,57.9636365,139.21094754693814,1,0,0,1,Thursday,3,3,9,2025,268,67.13586956521739,67.13586956521739,67.13586956521739,67.13586956521739,18.160526936766416,67.13586956521739,1645659.0,0.23400625,
2025-09-26,DKI2,67.13586956521739,89.8844926253609,35.67934782608695,14.13586956521739,70.47826086956522,19.39673913043478,33.3,24.8,28.352083,3.4,2,14.986553,7.047628,2.0991426,149.03632,36.0,18.045,7.5599995,23.814,75.416664,91.0,50.0,50.75,82.0,13.0,1009.39923,1011.571,1006.3798,50.9542802,200.58451615619316,1,0,0,1,Friday,4,3,9,2025,269,67.13586956521739,67.13586956521739,67.13586956521739,67.13586956521739,18.160526936766416,67.13586956521739,1645659.0,0.23400625,
2025-09-27,DKI2,67.13586956521739,89.8844926253609,35.67934782608695,14.13586956521739,70.47826086956522,19.39673913043478,33.35,25.95,28.975,0.7,2,14.799459,8.307364,3.319036,38.418083,35.64,19.635,6.8399997,22.5252,72.666664,87.0,49.0,82.458336,100.0,47.0,1008.9394,1011.1737,1006.5805,10.3596213,205.48290594136262,1,0,1,0,Saturday,5,3,9,2025,270,67.13586956521739,67.13586956521739,67.13586956521739,67.13586956521739,18.160526936766416,67.13586956521739,1645659.0,0.23400625,
2025-09-28,DKI2,67.13586956521739,89.8844926253609,35.67934782608695,14.13586956521739,70.47826086956522,19.39673913043478,33.25,26.5,29.304167,0.2,0,17.068707,9.419612,2.3051248,121.60746,39.239998,23.07,6.4799995,23.2632,71.416664,85.0,51.0,67.916664,97.0,11.0,1008.8698,1011.1765,1005.8853,3.4137414,241.1216381844523,1,0,1,0,Sunday,6,3,9,2025,271,67.13586956521739,67.13586956521739,67.13586956521739,67.13586956521739,18.160526936766416,67.13586956521739,1645659.0,0.23400625,
2025-09-29,DKI2,67.13586956521739,89.8844926253609,35.67934782608695,14.13586956521739,70.47826086956522,19.39673913043478,31.85,25.8,28.239584,6.7,8,14.336861,6.2829056,2.1897945,128.15727,33.12,17.984999,4.32,21.1752,78.125,91.0,60.0,84.625,100.0,48.0,1009.6321,1011.4699,1007.1822,96.05696870000001,185.2794250091277,1,0,0,1,Monday,0,3,9,2025,272,67.13586956521739,67.13586956521739,67.13586956521739,67.13586956521739,18.160526936766416,67.13586956521739,1645659.0,0.23400625,
2025-09-30,DKI2,67.13586956521739,89.8844926253609,35.67934782608695,14.13586956521739,70.47826086956522,19.39673913043478,31.95,25.6,28.045832,7.5,8,11.631956,6.3513107,3.6179552,14.931467,29.88,16.71,9.72,19.4652,77.166664,88.0,56.0,89.041664,100.0,57.0,1009.0236,1010.66473,1007.3763,87.23967,152.09829620419512,1,0,0,1,Tuesday,1,3,9,2025,273,67.13586956521739,67.13586956521739,67.13586956521739,67.13586956521739,18.160526936766416,67.13586956521739,1645659.0,0.23400625,
2025-10-01,DKI2,64.6470588235294,88.16899809316426,37.32773109243698,20.819327731092436,86.13865546218487,19.415966386554622,31.35,25.3,27.96875,4.5,8,14.4,7.894373,2.52,168.69011,36.0,20.565,6.12,20.1276,78.166664,91.0,61.0,84.083336,100.0,29.0,1008.75287,1010.7716,1006.37787,64.8,185.83422375553857,1,0,0,1,Wednesday,2,4,10,2025,274,67.13586956521739,67.13586956521739,67.13586956521739,67.13586956521739,18.160526936766416,67.13586956521739,1645659.0,0.23400625,
2025-10-02,DKI2,64.6470588235294,88.16899809316426,37.32773109243698,20.819327731092436,86.13865546218487,19.415966386554622,29.1,25.8,27.31875,9.2,11,10.495713,6.1083393,2.2768397,4.085537,29.16,16.47,5.04,13.428,82.625,92.0,73.0,99.125,100.0,79.0,1010.2491,1012.36206,1008.2637,96.56055959999999,128.33022223429109,1,0,0,1,Thursday,3,4,10,2025,275,67.13586956521739,67.13586956521739,67.13586956521739,67.13586956521739,18.160526936766416,67.13586956521739,1645659.0,0.23400625,
2025-10-03,DKI2,64.6470588235294,88.16899809316426,37.32773109243698,20.819327731092436,86.13865546218487,19.415966386554622,32.05,25.05,28.154167,0.0,0,11.592895,5.8424087,2.9024127,194.03627,26.28,13.649999,6.4799995,22.1076,74.75,93.0,54.0,75.0,100.0,0.0,1010.63495,1012.46313,1008.28107,0.0,156.738258979,0,0,0,1,Friday,4,4,10,2025,276,67.13586956521739,67.13586956521739,67.13586956521739,67.13586956521739,18.160526936766416,67.13586956521739,1645659.0,0.23400625,
2025-10-04,DKI2,64.6470588235294,88.16899809316426,37.32773109243698,20.819327731092436,86.13865546218487,19.415966386554622,32.5,25.45,28.545832,0.4,1,14.264361,6.042259,1.2979984,146.3099,33.48,15.195,3.96,23.706,77.916664,91.0,59.0,76.166664,100.0,24.0,1010.65704,1012.37213,1008.5785,5.7057444,185.02302493021827,1,0,1,0,Saturday,5,4,10,2025,277,67.13586956521739,67.13586956521739,67.13586956521739,67.13586956521739,18.160526936766416,67.13586956521739,1645659.0,0.23400625,
2025-10-05,DKI2,64.6470588235294,88.16899809316426,37.32773109243698,20.819327731092436,86.13865546218487,19.415966386554622,31.0,26.1,28.322916,4.7,6,12.594856,6.129948,1.8,231.34016,29.88,15.584999,5.04,19.9836,76.833336,86.0,65.0,93.416664,100.0,51.0,1010.802,1012.2668,1008.3772,59.1958232,165.69507842939424,1,0,1,0,Sunday,6,4,10,2025,278,67.13586956521739,67.13586956521739,67.13586956521739,67.13586956521739,18.160526936766416,67.13586956521739,1645659.0,0.23400625,
2025-10-06,DKI2,64.6470588235294,88.16899809316426,37.32773109243698,20.819327731092436,86.13865546218487,19.415966386554622,32.55,25.75,28.639582,0.90000004,3,16.489416,8.55001,3.5455887,90.0,42.48,21.765,7.92,21.8016,74.458336,87.0,55.0,95.583336,100.0,39.0,1010.48663,1012.36456,1007.98065,14.840475059576638,223.78064431238533,1,0,0,1,Monday,0,4,10,2025,279,67.13586956521739,67.13586956521739,67.13586956521739,67.13586956521739,18.160526936766416,67.13586956521739,1645659.0,0.23400625,
2025-10-07,DKI2,64.6470588235294,88.16899809316426,37.32773109243698,20.819327731092436,86.13865546218487,19.415966386554622,32.75,25.45,28.202082,6.0,10,12.397806,6.0793967,2.5455842,13.392516,34.2,19.785,6.4799995,22.3848,77.0,89.0,56.0,68.625,100.0,37.0,1011.6091,1013.6613,1009.57745,74.38683599999999,162.8796541510987,1,0,0,1,Tuesday,1,4,10,2025,280,67.13586956521739,67.13586956521739,67.13586956521739,67.13586956521739,18.160526936766416,67.13586956521739,1645659.0,0.23400625,
2025-10-08,DKI2,64.6470588235294,88.16899809316426,37.32773109243698,20.819327731092436,86.13865546218487,19.415966386554622,32.45,25.2,28.137499,2.3,3,11.620809,6.1398067,2.7416782,230.71062,29.88,15.674999,5.7599998,23.6088,77.375,93.0,54.0,50.875,100.0,0.0,1010.49335,1012.96454,1007.17896,26.727860699999997,151.76413849589852,1,0,0,1,Wednesday,2,4,10,2025,281,67.13586956521739,67.13586956521739,67.13586956521739,67.13586956521739,18.160526936766416,67.13586956521739,1645659.0,0.23400625,
2025-10-09,DKI2,64.6470588235294,88.16899809316426,37.32773109243698,20.819327731092436,86.13865546218487,19.415966386554622,31.65,25.2,28.191666,0.0,0,12.964998,6.0274353,0.8049845,135.0001,32.399998,15.435,2.8799999,25.3764,73.291664,88.0,57.0,32.375,100.0,2.0,1009.7485,1011.3671,1007.2789,0.0,178.62041286172735,0,0,0,1,Thursday,3,4,10,2025,282,67.13586956521739,67.13586956521739,67.13586956521739,67.13586956521739,18.160526936766416,67.13586956521739,1645659.0,0.23400625,
2025-10-10,DKI2,64.6470588235294,88.16899809316426,37.32773109243698,20.819327731092436,86.13865546218487,19.415966386554622,32.6,25.25,28.416666,0.4,1,12.641076,6.5625243,1.8,135.0001,30.239998,17.804998,7.2,24.9516,72.625,84.0,53.0,52.0,100.0,0.0,1009.52026,1011.6659,1006.8812,5.0564304,175.71665859139085,1,0,0,1,Friday,4,4,10,2025,283,67.13586956521739,67.13586956521739,67.13586956521739,67.13586956521739,18.160526936766416,67.13586956521739,1645659.0,0.23400625,
2025-10-11,DKI2,64.6470588235294,88.16899809316426,37.32773109243698,20.819327731092436,86.13865546218487,19.415966386554622,32.55,25.6,28.764582,0.2,0,12.096214,7.1869617,3.8939953,135.0001,31.68,18.21,9.36,23.3856,70.625,84.0,52.0,52.208332,93.0,13.0,1009.09686,1011.473,1006.2824,2.4192428,172.83188057045012,1,0,1,0,Saturday,5,4,10,2025,284,67.13586956521739,67.13586956521739,67.13586956521739,67.13586956521739,18.160526936766416,67.13586956521739,1645659.0,0.23400625,
2025-10-12,DKI2,64.6470588235294,88.16899809316426,37.32773109243698,20.819327731092436,86.13865546218487,19.415966386554622,32.75,25.65,28.889582,0.0,0,13.363711,6.7505107,1.484318,203.9625,32.399998,17.355,7.2,22.9032,72.375,87.0,52.0,43.625,100.0,0.0,1008.45215,1010.37573,1005.88257,0.0,186.20605305600898,0,0,1,0,Sunday,6,4,10,2025,285,67.13586956521739,67.13586956521739,67.13586956521739,67.13586956521739,18.160526936766416,67.13586956521739,1645659.0,0.23400625,
2025-10-13,DKI2,64.6470588235294,88.16899809316426,37.32773109243698,20.819327731092436,86.13865546218487,19.415966386554622,31.95,26.05,28.629166,8.3,13,13.044722,6.163729,1.08,180.0,42.48,23.625,7.2,22.266,77.25,85.0,63.0,82.458336,100.0,60.0,1008.4471,1010.4737,1005.7829,108.2711926,170.29012389910937,1,0,0,1,Monday,0,4,10,2025,286,67.13586956521739,67.13586956521739,67.13586956521739,67.13586956521739,18.160526936766416,67.13586956521739,1645659.0,0.23400625,
2025-10-14,DKI2,64.6470588235294,88.16899809316426,37.32773109243698,20.819327731092436,86.13865546218487,19.415966386554622,33.15,26.15,29.172918,0.3,0,13.608762,7.533706,3.2599385,131.63345,42.48,20.519999,7.5599995,22.7232,75.5,89.0,54.0,62.083332,100.0,16.0,1007.0961,1009.17633,1004.6865,4.0826286,181.5275647156053,1,0,0,1,Tuesday,1,4,10,2025,287,67.13586956521739,67.13586956521739,67.13586956521739,67.13586956521739,18.160526936766416,67.13586956521739,1645659.0,0.23400625,
2025-10-15,DKI2,64.6470588235294,88.16899809316426,37.32773109243698,20.819327731092436,86.13865546218487,19.415966386554622,32.2,26.9,29.0625,0.9,1,13.324863,7.877929,4.1046314,112.61991,40.32,24.795,10.08,23.4144,77.458336,88.0,63.0,57.875,71.0,40.0,1005.8054,1008.07684,1003.1843,11.992376700000001,173.0248782992214,1,0,0,1,Wednesday,2,4,10,2025,288,67.13586956521739,67.13586956521739,67.13586956521739,67.13586956521739,18.160526936766416,67.13586956521739,1645659.0,0.23400625,
2025-10-16,DKI2,64.6470588235294,88.16899809316426,37.32773109243698,20.819327731092436,86.13865546218487,19.415966386554622,32.1,26.85,29.339584,2.8,6,14.77755,4.996551,0.35999998,44.999897,44.639996,20.55,1.8,21.4524,75.916664,86.0,64.0,92.25,100.0,61.0,1005.6482,1007.4759,1002.6895,41.37714,195.7543413381547,1,0,0,1,Thursday,3,4,10,2025,289,67.13586956521739,67.13586956521739,67.13586956521739,67.13586956521739,18.160526936766416,67.13586956521739,1645659.0,0.23400625,
2025-10-17,DKI2,64.6470588235294,88.16899809316426,37.32773109243698,20.819327731092436,86.13865546218487,19.415966386554622,31.8,26.4,28.887499,3.3999999,6,13.708391,5.4175987,1.1384199,135.0001,31.68,16.949999,3.96,23.22,76.75,89.0,61.0,81.833336,100.0,43.0,1006.62897,1008.66797,1003.98566,46.6085280291609,179.79496433468756,1,0,0,1,Friday,4,4,10,2025,290,67.13586956521739,67.13586956521739,67.13586956521739,67.13586956521739,18.160526936766416,67.13586956521739,1645659.0,0.23400625,
2025-10-18,DKI2,64.6470588235294,88.16899809316426,37.32773109243698,20.819327731092436,86.13865546218487,19.415966386554622,32.5,25.95,28.852083,0.3,1,10.182337,5.512629,2.2768397,6.1154146,30.239998,15.18,7.2,23.13,76.208336,91.0,56.0,69.583336,100.0,2.0,1006.05444,1008.1723,1003.38513,3.0547011,134.4207981188079,1,0,1,0,Saturday,5,4,10,2025,291,67.13586956521739,67.13586956521739,67.13586956521739,67.13586956521739,18.160526936766416,67.13586956521739,1645659.0,0.23400625,
2025-10-19,DKI2,64.6470588235294,88.16899809316426,37.32773109243698,20.819327731092436,86.13865546218487,19.415966386554622,30.85,25.9,28.514582,1.0,3,10.739833,5.7903666,1.1384199,195.94547,31.68,17.039999,5.3999996,22.2408,78.5,93.0,67.0,68.541664,100.0,28.0,1005.13336,1007.17334,1002.8831,10.739833,137.51547043476282,1,0,1,0,Sunday,6,4,10,2025,292,67.13586956521739,67.13586956521739,67.13586956521739,67.13586956521739,18.160526936766416,67.13586956521739,1645659.0,0.23400625,
2025-10-20,DKI2,64.6470588235294,88.16899809316426,37.32773109243698,20.819327731092436,86.13865546218487,19.415966386554622,32.65,26.05,29.022917,0.0,0,11.792404,5.641211,2.1897945,187.12492,29.519999,14.61,5.7599998,22.5036,73.958336,89.0,55.0,82.666664,100.0,44.0,1005.4639,1007.4717,1002.78687,0.0,160.3177837345556,0,0,0,1,Monday,0,4,10,2025,293,67.13586956521739,67.13586956521739,67.13586956521739,67.13586956521739,18.160526936766416,67.13586956521739,1645659.0,0.23400625,
2025-10-21,DKI2,64.6470588235294,88.16899809316426,37.32773109243698,20.819327731092436,86.13865546218487,19.415966386554622,32.05,26.1,28.94375,4.2999997,3,12.879752,5.7494407,1.8,172.87508,30.599998,14.774999,5.7599998,20.3148,75.625,89.0,58.0,96.666664,100.0,60.0,1006.7998,1008.77106,1004.3862,55.382929736074395,171.46884942346577,1,0,0,1,Tuesday,1,4,10,2025,294,67.13586956521739,67.13586956521739,67.13586956521739,67.13586956521739,18.160526936766416,67.13586956521739,1645659.0,0.23400625,
2025-10-22,DKI2,64.6470588235294,88.16899809316426,37.32773109243698,20.819327731092436,86.13865546218487,19.415966386554622,33.35,26.05,28.745834,6.4,7,12.229406,7.366426,3.0547013,224.9999,31.319998,18.644999,7.5599995,18.0576,77.666664,91.0,55.0,96.5,100.0,80.0,1007.46094,1009.76685,1004.7846,78.26819840000002,158.63496936602866,1,0,0,1,Wednesday,2,4,10,2025,295,67.13586956521739,67.13586956521739,67.13586956521739,67.13586956521739,18.160526936766416,67.13586956521739,1645659.0,0.23400625,
2025-10-23,DKI2,64.6470588235294,88.16899809316426,37.32773109243698,20.819327731092436,86.13865546218487,19.415966386554622,32.35,25.5,28.058334,0.5,1,14.512064,8.736832,3.5455887,236.3099,30.239998,20.249998,9.0,15.0948,77.166664,94.0,55.0,98.666664,100.0,86.0,1008.033,1009.6642,1005.98175,7.256032,189.57200754605643,1,0,0,1,Thursday,3,4,10,2025,296,67.13586956521739,67.13586956521739,67.13586956521739,67.13586956521739,18.160526936766416,67.13586956521739,1645659.0,0.23400625,
2025-10-24,DKI2,64.6470588235294,88.16899809316426,37.32773109243698,20.819327731092436,86.13865546218487,19.415966386554622,32.65,25.4,28.345833,4.0,5,13.684735,8.896192,4.1046314,236.3099,32.039997,19.71,9.0,16.8984,76.25,89.0,56.0,96.041664,100.0,76.0,1007.8425,1010.56226,1005.6846,54.73894,180.87944307196722,1,0,0,1,Friday,4,4,10,2025,297,67.13586956521739,67.13586956521739,67.13586956521739,67.13586956521739,18.160526936766416,67.13586956521739,1645659.0,0.23400625,
2025-10-25,DKI2,64.6470588235294,88.16899809316426,37.32773109243698,20.819327731092436,86.13865546218487,19.415966386554622,33.15,24.8,28.145834,1.2,3,10.514218,7.154738,0.35999998,231.95291,20.16,15.299999,2.8799999,15.8544,74.583336,90.0,55.0,96.708336,100.0,69.0,1008.1499,1009.5668,1005.6846,12.6170616,142.12166408429624,1,0,1,0,Saturday,5,4,10,2025,298,67.13586956521739,67.13586956521739,67.13586956521739,67.13586956521739,18.160526936766416,67.13586956521739,1645659.0,0.23400625,
2025-10-26,DKI2,64.6470588235294,88.16899809316426,37.32773109243698,20.819327731092436,86.13865546218487,19.415966386554622,32.9,25.5,28.4375,1.5,2,14.05845,7.129068,1.2979984,213.6901,27.359999,15.209999,6.12,20.07,74.458336,90.0,51.0,99.916664,100.0,98.0,1008.61285,1010.6666,1006.7816,21.087675,190.43580722892466,1,0,1,0,Sunday,6,4,10,2025,299,67.13586956521739,67.13586956521739,67.13586956521739,67.13586956521739,18.160526936766416,67.13586956521739,1645659.0,0.23400625,
2025-10-27,DKI2,64.6470588235294,88.16899809316426,37.32773109243698,20.819327731092436,86.13865546218487,19.415966386554622,31.65,25.3,27.987501,10.4,10,13.75558,6.1839333,0.35999998,209.0545,29.519999,14.294999,6.4799995,21.2688,79.25,93.0,60.0,97.833336,100.0,79.0,1009.165,1010.76483,1006.77686,143.058032,175.1627746460568,1,0,0,1,Monday,0,4,10,2025,300,67.13586956521739,67.13586956521739,67.13586956521739,67.13586956521739,18.160526936766416,67.13586956521739,1645659.0,0.23400625,
2025-10-28,DKI2,64.6470588235294,88.16899809316426,37.32773109243698,20.819327731092436,86.13865546218487,19.415966386554622,30.15,25.65,27.6625,8.4,11,9.904906,5.8474545,2.1897945,185.7105,22.68,13.169999,7.2,15.8688,80.375,92.0,67.0,100.0,100.0,100.0,1009.59686,1011.4667,1007.8736,83.20121040000001,124.41632343633171,1,0,0,1,Tuesday,1,4,10,2025,301,67.13586956521739,67.13586956521739,67.13586956521739,67.13586956521739,18.160526936766416,67.13586956521739,1645659.0,0.23400625,
2025-10-29,DKI2,64.6470588235294,88.16899809316426,37.32773109243698,20.819327731092436,86.13865546218487,19.415966386554622,32.45,25.25,28.260416,0.0,0,11.013882,5.7359138,0.8049845,11.3098955,23.4,12.959999,1.4399999,21.8124,73.833336,87.0,52.0,93.833336,100.0,53.0,1009.49884,1011.4709,1007.07806,0.0,150.58917428432164,0,0,0,1,Wednesday,2,4,10,2025,302,67.13586956521739,67.13586956521739,67.13586956521739,67.13586956521739,18.160526936766416,67.13586956521739,1645659.0,0.23400625,
2025-10-30,DKI2,64.6470588235294,88.16899809316426,37.32773109243698,20.819327731092436,86.13865546218487,19.415966386554622,33.1,26.35,28.535416,6.3999996,5,11.720751,5.3335137,1.2979984,111.801476,28.08,12.884999,4.68,18.522,78.583336,92.0,53.0,99.666664,100.0,92.0,1009.2793,1010.97003,1006.7873,75.0128017116996,150.53460398721555,1,0,0,1,Thursday,3,4,10,2025,303,67.13586956521739,67.13586956521739,67.13586956521739,67.13586956521739,18.160526936766416,67.13586956521739,1645659.0,0.23400625,
2025-10-31,DKI2,64.6470588235294,88.16899809316426,37.32773109243698,20.819327731092436,86.13865546218487,19.415966386554622,31.6,25.95,28.341667,6.4,7,10.464798,5.567484,2.0991426,135.0001,25.199999,13.334999,5.7599998,22.4496,78.666664,93.0,61.0,89.333336,100.0,50.0,1010.12775,1011.86725,1007.8808,66.9747072,134.37436291876443,1,0,0,1,Friday,4,4,10,2025,304,67.13586956521739,67.13586956521739,67.13586956521739,67.13586956521739,18.160526936766416,67.13586956521739,1645659.0,0.23400625,
2025-11-01,DKI2,56.35314685314685,81.26406596924042,29.006993006993007,23.24125874125874,85.3041958041958,20.97902097902098,32.45,25.25,28.222916,8.6,9,13.910169,6.4147334,2.4149535,1.5074003,28.08,15.165,6.8399997,22.0032,77.083336,91.0,59.0,71.625,100.0,3.0,1009.7818,1011.6668,1007.1822,119.6274534,182.2214270944916,1,0,1,0,Saturday,5,4,11,2025,305,67.13586956521739,67.13586956521739,67.13586956521739,67.13586956521739,18.160526936766416,67.13586956521739,1645659.0,0.23400625,
2025-11-02,DKI2,56.35314685314685,81.26406596924042,29.006993006993007,23.24125874125874,85.3041958041958,20.97902097902098,31.7,25.7,28.454168,4.2,6,13.661038,6.748119,2.9024127,20.37652,29.88,15.87,6.12,23.2416,77.958336,92.0,60.0,82.583336,100.0,14.0,1009.45795,1011.36774,1007.2796,57.3763596,176.89248029039638,1,0,1,0,Sunday,6,4,11,2025,306,67.13586956521739,67.13586956521739,67.13586956521739,67.13586956521739,18.160526936766416,67.13586956521739,1645659.0,0.23400625,
2025-11-03,DKI2,56.35314685314685,81.26406596924042,29.006993006993007,23.24125874125874,85.3041958041958,20.97902097902098,32.8,25.65,28.547918,10.299999,6,14.578888,6.572853,2.6208394,243.43501,33.12,15.855,8.28,21.888,76.625,89.0,56.0,94.25,100.0,60.0,1008.9963,1010.9679,1006.1807,150.162531821112,191.97447373721891,1,0,0,1,Monday,0,4,11,2025,307,67.13586956521739,67.13586956521739,67.13586956521739,67.13586956521739,18.160526936766416,67.13586956521739,1645659.0,0.23400625,
2025-11-04,DKI2,56.35314685314685,81.26406596924042,29.006993006993007,23.24125874125874,85.3041958041958,20.97902097902098,34.35,25.75,29.391665,1.7,3,13.18308,6.3192725,1.8,198.43504,37.8,16.05,4.68,22.2516,71.166664,93.0,49.0,88.791664,100.0,66.0,1008.2498,1010.47565,1005.1895,22.411236,186.77056119117796,1,0,0,1,Tuesday,1,4,11,2025,308,67.13586956521739,67.13586956521739,67.13586956521739,67.13586956521739,18.160526936766416,67.13586956521739,1645659.0,0.23400625,
2025-11-05,DKI2,56.35314685314685,81.26406596924042,29.006993006993007,23.24125874125874,85.3041958041958,20.97902097902098,32.2,26.35,28.660416,0.4,0,18.03237,10.746505,4.2136917,221.98714,38.519997,24.12,9.72,20.1708,69.875,85.0,56.0,93.125,100.0,74.0,1007.9768,1009.9771,1005.38367,7.212948000000001,260.1246598785832,1,0,0,1,Wednesday,2,4,11,2025,309,67.13586956521739,67.13586956521739,67.13586956521739,67.13586956521739,18.160526936766416,67.13586956521739,1645659.0,0.23400625,
2025-11-06,DKI2,56.35314685314685,81.26406596924042,29.006993006993007,23.24125874125874,85.3041958041958,20.97902097902098,31.7,26.1,28.545832,0.0,0,20.082708,13.587588,7.9036193,224.9999,42.12,28.83,16.56,18.4212,70.875,83.0,59.0,88.25,100.0,46.0,1007.7309,1009.5652,1005.2847,0.0,285.54448546422856,0,0,0,1,Thursday,3,4,11,2025,310,67.13586956521739,67.13586956521739,67.13586956521739,67.13586956521739,18.160526936766416,67.13586956521739,1645659.0,0.23400625,
2025-11-07,DKI2,56.35314685314685,81.26406596924042,29.006993006993007,23.24125874125874,85.3041958041958,20.97902097902098,32.6,25.65,28.539583,1.6,3,16.299694,10.519063,6.8777895,260.9098,36.719997,24.224998,14.04,18.6084,73.041664,86.0,53.0,89.416664,100.0,60.0,1007.6101,1009.3702,1005.08453,26.0795104,224.85435574563854,1,0,0,1,Friday,4,4,11,2025,311,67.13586956521739,67.13586956521739,67.13586956521739,67.13586956521739,18.160526936766416,67.13586956521739,1645659.0,0.23400625,
2025-11-08,DKI2,56.35314685314685,81.26406596924042,29.006993006993007,23.24125874125874,85.3041958041958,20.97902097902098,30.8,25.6,27.691666,1.9000001,5,18.59845,11.968188,8.217153,243.43501,53.28,31.365,18.359999,15.4908,77.666664,89.0,62.0,93.0,100.0,61.0,1008.8601,1010.3622,1007.4777,35.337056859845,241.58671379068116,1,0,1,0,Saturday,5,4,11,2025,312,67.13586956521739,67.13586956521739,67.13586956521739,67.13586956521739,18.160526936766416,67.13586956521739,1645659.0,0.23400625,
2025-11-09,DKI2,56.35314685314685,81.26406596924042,29.006993006993007,23.24125874125874,85.3041958041958,20.97902097902098,32.9,25.05,28.3375,1.0,3,13.556282,8.03753,4.39436,243.43501,36.0,21.69,10.08,19.746,72.25,86.0,51.0,99.291664,100.0,88.0,1008.10474,1009.8788,1005.68646,13.556282,189.15089468479832,1,0,1,0,Sunday,6,4,11,2025,313,67.13586956521739,67.13586956521739,67.13586956521739,67.13586956521739,18.160526936766416,67.13586956521739,1645659.0,0.23400625,
2025-11-10,DKI2,56.35314685314685,81.26406596924042,29.006993006993007,23.24125874125874,85.3041958041958,20.97902097902098,32.95,25.5,28.720833,0.2,0,14.759999,9.822244,6.439876,246.0375,37.8,24.615,14.759999,22.4496,71.291664,87.0,51.0,83.75,100.0,8.0,1007.68146,1009.4764,1005.483,2.9519998000000003,208.6271592975939,1,0,0,1,Monday,0,4,11,2025,314,67.13586956521739,67.13586956521739,67.13586956521739,67.13586956521739,18.160526936766416,67.13586956521739,1645659.0,0.23400625,
2025-11-11,DKI2,56.35314685314685,81.26406596924042,29.006993006993007,23.24125874125874,85.3041958041958,20.97902097902098,31.25,25.75,27.925001,2.8999999,4,15.379206,9.828692,6.193674,236.3099,45.0,27.104998,14.4,17.0208,73.875,82.0,61.0,93.625,100.0,55.0,1008.2824,1010.56165,1006.37885,44.5996958620794,209.90298119491572,1,0,0,1,Tuesday,1,4,11,2025,315,67.13586956521739,67.13586956521739,67.13586956521739,67.13586956521739,18.160526936766416,67.13586956521739,1645659.0,0.23400625,
2025-11-12,DKI2,56.35314685314685,81.26406596924042,29.006993006993007,23.24125874125874,85.3041958041958,20.97902097902098,32.0,24.8,27.129166,1.0,2,15.646544,11.830159,8.311245,247.249,39.96,29.489998,19.8,12.9708,78.166664,90.0,58.0,98.708336,100.0,85.0,1009.0913,1011.1607,1006.8787,15.646544,201.98880977531806,1,0,0,1,Wednesday,2,4,11,2025,316,67.13586956521739,67.13586956521739,67.13586956521739,67.13586956521739,18.160526936766416,67.13586956521739,1645659.0,0.23400625,
2025-11-13,DKI2,56.35314685314685,81.26406596924042,29.006993006993007,23.24125874125874,85.3041958041958,20.97902097902098,31.5,25.35,27.824999,1.2,2,15.379206,10.702247,7.491114,254.74483,40.32,27.525,17.64,18.2988,73.833336,87.0,58.0,88.5,100.0,40.0,1009.0146,1010.76715,1006.7797,18.4550472,210.17394352068283,1,0,0,1,Thursday,3,4,11,2025,317,67.13586956521739,67.13586956521739,67.13586956521739,67.13586956521739,18.160526936766416,67.13586956521739,1645659.0,0.23400625,
2025-11-14,DKI2,56.35314685314685,81.26406596924042,29.006993006993007,23.24125874125874,85.3041958041958,20.97902097902098,30.35,25.1,27.264582,0.4,1,14.799459,10.817565,7.42159,246.25049,40.32,25.979998,18.359999,14.202,77.291664,87.0,61.0,87.333336,100.0,45.0,1008.0054,1009.96063,1005.38055,5.919783600000001,193.00832479267882,1,0,0,1,Friday,4,4,11,2025,318,67.13586956521739,67.13586956521739,67.13586956521739,67.13586956521739,18.160526936766416,67.13586956521739,1645659.0,0.23400625,
2025-11-15,DKI2,56.35314685314685,81.26406596924042,29.006993006993007,23.24125874125874,85.3041958041958,20.97902097902098,31.15,24.75,27.612501,6.0,6,11.304229,7.110213,3.6,233.13002,36.0,20.73,9.36,18.2736,78.125,87.0,62.0,95.625,100.0,47.0,1008.09393,1010.06494,1006.27734,67.825374,145.8652753693436,1,0,1,0,Saturday,5,4,11,2025,319,67.13586956521739,67.13586956521739,67.13586956521739,67.13586956521739,18.160526936766416,67.13586956521739,1645659.0,0.23400625,
2025-11-16,DKI2,56.35314685314685,81.26406596924042,29.006993006993007,23.24125874125874,85.3041958041958,20.97902097902098,32.5,25.4,28.516668,0.2,0,15.683776,10.69967,6.28713,243.43501,44.639996,28.169998,14.4,20.0592,74.0,89.0,56.0,98.625,100.0,73.0,1008.33844,1010.26416,1005.38654,3.1367552,213.71019223174918,1,0,1,0,Sunday,6,4,11,2025,320,67.13586956521739,67.13586956521739,67.13586956521739,67.13586956521739,18.160526936766416,67.13586956521739,1645659.0,0.23400625,
2025-11-17,DKI2,56.35314685314685,81.26406596924042,29.006993006993007,23.24125874125874,85.3041958041958,20.97902097902098,33.0,25.35,28.627083,0.3,0,14.759999,10.420566,5.0911684,246.0375,39.239998,26.339998,12.599999,21.366,71.75,85.0,53.0,92.083336,100.0,59.0,1008.1265,1009.9749,1005.3856,4.4279997,207.3860088065993,1,0,0,1,Monday,0,4,11,2025,321,67.13586956521739,67.13586956521739,67.13586956521739,67.13586956521739,18.160526936766416,67.13586956521739,1645659.0,0.23400625,
2025-11-18,DKI2,56.35314685314685,81.26406596924042,29.006993006993007,23.24125874125874,85.3041958041958,20.97902097902098,31.75,24.95,27.4625,4.8,6,10.30883,5.1300097,1.5273507,135.0001,30.960001,15.149999,5.7599998,19.1628,80.041664,90.0,59.0,74.916664,100.0,27.0,1007.4566,1009.2702,1005.3748,49.482384,129.75365956632285,1,0,0,1,Tuesday,1,4,11,2025,322,67.13586956521739,67.13586956521739,67.13586956521739,67.13586956521739,18.160526936766416,67.13586956521739,1645659.0,0.23400625,
2025-11-19,DKI2,56.35314685314685,81.26406596924042,29.006993006993007,23.24125874125874,85.3041958041958,20.97902097902098,30.8,24.5,27.414583,3.6,6,10.948973,6.0209637,1.2979984,153.43501,33.12,16.815,5.04,20.628,81.333336,96.0,66.0,89.416664,100.0,41.0,1007.3648,1009.16724,1004.9796,39.416302800000004,135.6099545252933,1,0,0,1,Wednesday,2,4,11,2025,323,67.13586956521739,67.13586956521739,67.13586956521739,67.13586956521739,18.160526936766416,67.13586956521739,1645659.0,0.23400625,
2025-11-20,DKI2,56.35314685314685,81.26406596924042,29.006993006993007,23.24125874125874,85.3041958041958,20.97902097902098,29.7,25.1,26.966667,8.7,8,14.986553,10.068787,4.198285,233.97253,42.12,25.56,9.72,12.51,83.291664,91.0,72.0,97.041664,100.0,67.0,1007.8836,1009.66095,1005.8743,130.3830111,181.3470912194863,1,0,0,1,Thursday,3,4,11,2025,324,67.13586956521739,67.13586956521739,67.13586956521739,67.13586956521739,18.160526936766416,67.13586956521739,1645659.0,0.23400625,
2025-11-21,DKI2,56.35314685314685,81.26406596924042,29.006993006993007,23.24125874125874,85.3041958041958,20.97902097902098,32.75,24.8,28.050001,0.4,1,13.363711,11.156811,9.107359,250.9743,31.319998,26.46,20.519999,20.412,75.375,90.0,54.0,94.541664,100.0,79.0,1007.75824,1009.4795,1005.3849,5.3454844,178.67183916721248,1,0,0,1,Friday,4,4,11,2025,325,67.13586956521739,67.13586956521739,67.13586956521739,67.13586956521739,18.160526936766416,67.13586956521739,1645659.0,0.23400625,
2025-11-22,DKI2,56.35314685314685,81.26406596924042,29.006993006993007,23.24125874125874,85.3041958041958,20.97902097902098,31.55,24.95,27.925001,1.0,3,11.5199995,5.6170783,1.484318,224.9999,27.72,14.91,3.96,21.0348,76.291664,89.0,57.0,89.5,100.0,58.0,1007.34576,1009.0743,1004.9822,11.5199995,152.1086583132742,1,0,1,0,Saturday,5,4,11,2025,326,67.13586956521739,67.13586956521739,67.13586956521739,67.13586956521739,18.160526936766416,67.13586956521739,1645659.0,0.23400625,
2025-11-23,DKI2,56.35314685314685,81.26406596924042,29.006993006993007,23.24125874125874,85.3041958041958,20.97902097902098,31.3,25.7,27.927084,4.5,5,12.979984,7.636467,3.7585104,233.13002,28.8,18.99,7.5599995,14.1876,77.708336,91.0,63.0,100.0,100.0,100.0,1007.08356,1008.6718,1005.0808,58.409928,168.21784081778614,1,0,1,0,Sunday,6,4,11,2025,327,67.13586956521739,67.13586956521739,67.13586956521739,67.13586956521739,18.160526936766416,67.13586956521739,1645659.0,0.23400625,
2025-11-24,DKI2,56.35314685314685,81.26406596924042,29.006993006993007,23.24125874125874,85.3041958041958,20.97902097902098,34.0,25.3,29.043749,0.0,0,17.551615,9.9996805,5.8048253,243.43501,37.44,22.695,12.24,20.4732,65.291664,82.0,47.0,77.791664,100.0,43.0,1006.5837,1008.47455,1003.9945,0.0,270.58844093291145,0,0,0,1,Monday,0,4,11,2025,328,67.13586956521739,67.13586956521739,67.13586956521739,67.13586956521739,18.160526936766416,67.13586956521739,1645659.0,0.23400625,
2025-11-25,DKI2,56.35314685314685,81.26406596924042,29.006993006993007,23.24125874125874,85.3041958041958,20.97902097902098,34.25,25.0,29.143751,0.0,0,15.937878,9.193506,5.315336,251.56496,33.48,20.445,10.799999,21.2184,63.291668,82.0,43.0,96.958336,100.0,61.0,1006.03876,1007.76984,1003.4916,0.0,253.33702723952987,0,0,0,1,Tuesday,1,4,11,2025,329,67.13586956521739,67.13586956521739,67.13586956521739,67.13586956521739,18.160526936766416,67.13586956521739,1645659.0,0.23400625,
2025-11-26,DKI2,56.35314685314685,81.26406596924042,29.006993006993007,23.24125874125874,85.3041958041958,20.97902097902098,33.85,25.6,29.016668,0.3,1,16.263872,9.723889,5.991594,237.26477,35.64,21.885,12.599999,23.1048,66.75,82.0,45.0,85.0,100.0,14.0,1006.23395,1008.4654,1003.6908,4.8791616,245.1724369266577,1,0,0,1,Wednesday,2,4,11,2025,330,67.13586956521739,67.13586956521739,67.13586956521739,67.13586956521739,18.160526936766416,67.13586956521739,1645659.0,0.23400625,
2025-11-27,DKI2,56.35314685314685,81.26406596924042,29.006993006993007,23.24125874125874,85.3041958041958,20.97902097902098,32.15,25.85,28.372917,0.0,0,13.004921,5.6747437,0.35999998,191.30989,30.239998,14.384999,3.2399998,18.432,74.875,87.0,53.0,86.333336,100.0,21.0,1007.45557,1009.2749,1005.4776,0.0,174.9833736074787,0,0,0,1,Thursday,3,4,11,2025,331,67.13586956521739,67.13586956521739,67.13586956521739,67.13586956521739,18.160526936766416,67.13586956521739,1645659.0,0.23400625,
2025-11-28,DKI2,56.35314685314685,81.26406596924042,29.006993006993007,23.24125874125874,85.3041958041958,20.97902097902098,33.25,25.4,28.59375,3.2,4,13.708391,5.347399,1.609969,206.56499,33.839996,13.875,3.2399998,20.2428,74.416664,88.0,48.0,94.875,100.0,39.0,1007.5271,1009.0758,1005.8778,43.866851200000006,185.5978847680689,1,0,0,1,Friday,4,4,11,2025,332,67.13586956521739,67.13586956521739,67.13586956521739,67.13586956521739,18.160526936766416,67.13586956521739,1645659.0,0.23400625,
2025-11-29,DKI2,56.35314685314685,81.26406596924042,29.006993006993007,23.24125874125874,85.3041958041958,20.97902097902098,33.05,25.85,28.739584,2.1,2,14.05845,6.7049446,2.1897945,224.9999,32.399998,16.725,9.0,20.52,72.583336,84.0,49.0,99.291664,100.0,86.0,1008.11865,1009.7681,1006.07983,29.522745000000004,195.25949640965112,1,0,1,0,Saturday,5,4,11,2025,333,67.13586956521739,67.13586956521739,67.13586956521739,67.13586956521739,18.160526936766416,67.13586956521739,1645659.0,0.23400625,
2025-11-30,DKI2,56.35314685314685,81.26406596924042,29.006993006993007,23.24125874125874,85.3041958041958,20.97902097902098,30.95,26.0,28.179167,6.3,7,11.298495,6.0088,0.71999997,13.5704565,26.28,15.6449995,7.2,16.8048,78.125,87.0,66.0,94.0,100.0,39.0,1009.4529,1011.76294,1007.67786,71.1805185,145.9878213553344,1,0,1,0,Sunday,6,4,11,2025,334,67.13586956521739,67.13586956521739,67.13586956521739,67.13586956521739,18.160526936766416,67.13586956521739,1645659.0,0.23400625,
2025-09-01,DKI3,56.4,77.49748848362972,36.09473684210526,15.310526315789474,65.83157894736843,18.152631578947368,32.7615,22.9615,27.303167,0.8,2,13.896187,5.9635777,2.2768397,161.56496,28.44,12.81,4.32,21.3228,75.291664,95.0,50.0,40.541668,96.0,0.0,1002.2075,1003.96216,999.52704,11.1169496,184.9721747789038,1,0,0,1,Monday,0,3,9,2025,244,56.4,56.4,56.4,56.4,18.95096081911214,56.4,2062232.0,0.4409625,
2025-09-02,DKI3,56.4,77.49748848362972,36.09473684210526,15.310526315789474,65.83157894736843,18.152631578947368,33.1115,23.761501,27.646917,0.0,0,18.72,7.9426236,2.4149535,119.74479,36.36,16.815,4.68,22.0644,69.708336,88.0,46.0,33.958332,100.0,0.0,1002.58795,1004.5997,999.9414,0.0,269.2424966793067,0,0,0,1,Tuesday,1,3,9,2025,245,56.4,56.4,56.4,56.4,18.95096081911214,56.4,2062232.0,0.4409625,
2025-09-03,DKI3,56.4,77.49748848362972,36.09473684210526,15.310526315789474,65.83157894736843,18.152631578947368,34.8115,22.761501,27.796915,0.0,0,22.427162,8.825311,2.16,164.05453,43.56,18.449999,3.96,24.3972,68.833336,92.0,37.0,35.333332,89.0,0.0,1003.07935,1005.11066,1000.5347,0.0,326.8216301663005,0,0,0,1,Wednesday,2,3,9,2025,246,56.4,56.4,56.4,56.4,18.95096081911214,56.4,2062232.0,0.4409625,
2025-09-04,DKI3,56.4,77.49748848362972,36.09473684210526,15.310526315789474,65.83157894736843,18.152631578947368,33.9115,23.2115,27.93025,0.0,0,17.25373,6.473598,0.35999998,90.0,33.48,14.565,1.4399999,23.292,72.041664,92.0,42.0,41.875,100.0,0.0,1002.7187,1005.01135,1000.0533,0.0,240.1476694895748,0,0,0,1,Thursday,3,3,9,2025,247,56.4,56.4,56.4,56.4,18.95096081911214,56.4,2062232.0,0.4409625,
2025-09-05,DKI3,56.4,77.49748848362972,36.09473684210526,15.310526315789474,65.83157894736843,18.152631578947368,32.5115,24.3115,27.611502,9.2,9,13.493999,4.321678,0.8049845,201.80147,29.88,11.055,2.16,19.9476,78.375,93.0,55.0,74.25,100.0,48.0,1003.1294,1005.14404,1001.0668,124.1447908,172.71103184013526,1,1,0,0,Friday,4,3,9,2025,248,56.4,56.4,56.4,56.4,18.95096081911214,56.4,2062232.0,0.4409625,Prophet's Birthday
2025-09-06,DKI3,56.4,77.49748848362972,36.09473684210526,15.310526315789474,65.83157894736843,18.152631578947368,31.8115,24.1615,27.30525,5.5,10,12.7279215,4.5206237,1.484318,4.398633,27.0,11.655,2.8799999,20.0232,76.5,92.0,51.0,78.125,100.0,24.0,1003.7344,1005.6377,1001.7653,70.00356825,166.9993810464,1,0,1,0,Saturday,5,3,9,2025,249,56.4,56.4,56.4,56.4,18.95096081911214,56.4,2062232.0,0.4409625,
2025-09-07,DKI3,56.4,77.49748848362972,36.09473684210526,15.310526315789474,65.83157894736843,18.152631578947368,31.4115,23.8115,27.34275,0.5,2,8.311245,3.583721,1.484318,180.0,17.64,8.955,3.6,21.0996,72.708336,89.0,56.0,74.916664,100.0,27.0,1003.33813,1005.54724,1000.79913,4.1556225,114.69096220647725,1,0,1,0,Sunday,6,3,9,2025,250,56.4,56.4,56.4,56.4,18.95096081911214,56.4,2062232.0,0.4409625,
2025-09-08,DKI3,56.4,77.49748848362972,36.09473684210526,15.310526315789474,65.83157894736843,18.152631578947368,33.2615,23.9615,27.88025,1.4000001,5,13.849476,4.8351917,0.0,186.3401,28.08,12.09,4.32,22.7592,71.458336,87.0,44.0,67.208336,100.0,36.0,1003.2845,1005.20996,1000.54974,19.3892677849476,194.44847699674952,1,0,0,1,Monday,0,3,9,2025,251,56.4,56.4,56.4,56.4,18.95096081911214,56.4,2062232.0,0.4409625,
2025-09-09,DKI3,56.4,77.49748848362972,36.09473684210526,15.310526315789474,65.83157894736843,18.152631578947368,32.3615,24.2115,27.567749,4.9,8,11.165805,3.7768705,0.5091169,198.43504,24.48,10.919999,3.6,20.6568,77.333336,94.0,51.0,85.125,100.0,33.0,1003.6826,1005.8009,1000.97437,54.712444500000004,144.91711819457782,1,0,0,1,Tuesday,1,3,9,2025,252,56.4,56.4,56.4,56.4,18.95096081911214,56.4,2062232.0,0.4409625,
2025-09-10,DKI3,56.4,77.49748848362972,36.09473684210526,15.310526315789474,65.83157894736843,18.152631578947368,32.6615,24.011501,27.271917,13.9,11,12.783802,4.7150683,0.35999998,198.43504,27.359999,13.245,2.52,19.278,80.833336,95.0,55.0,86.708336,100.0,46.0,1002.91034,1004.9061,999.97797,177.6948478,158.6103932455872,1,0,0,1,Wednesday,2,3,9,2025,253,56.4,56.4,56.4,56.4,18.95096081911214,56.4,2062232.0,0.4409625,
2025-09-11,DKI3,56.4,77.49748848362972,36.09473684210526,15.310526315789474,65.83157894736843,18.152631578947368,31.6115,24.4115,27.044832,10.1,15,8.217153,3.8420336,1.0182338,206.56499,17.28,9.78,2.8799999,18.558,80.875,92.0,59.0,94.291664,100.0,72.0,1002.97125,1005.1356,1000.7501,82.9932453,101.90501657930449,1,0,0,1,Thursday,3,3,9,2025,254,56.4,56.4,56.4,56.4,18.95096081911214,56.4,2062232.0,0.4409625,
2025-09-12,DKI3,56.4,77.49748848362972,36.09473684210526,15.310526315789474,65.83157894736843,18.152631578947368,32.2615,24.4615,27.0115,18.300001,10,10.195057,3.695509,1.08,255.96373,20.519999,9.54,2.52,18.2844,82.5,94.0,57.0,93.791664,100.0,57.0,1003.566,1005.3315,1000.7664,186.56955329505703,124.01712210014547,1,0,0,1,Friday,4,3,9,2025,255,56.4,56.4,56.4,56.4,18.95096081911214,56.4,2062232.0,0.4409625,
2025-09-13,DKI3,56.4,77.49748848362972,36.09473684210526,15.310526315789474,65.83157894736843,18.152631578947368,32.5615,24.4115,27.878166,0.4,1,11.252519,3.8607018,0.71999997,23.198618,21.96,9.12,2.16,22.5324,75.375,93.0,53.0,54.208332,100.0,0.0,1003.8804,1005.79724,1001.5243,4.5010076,149.86644477250547,1,0,1,0,Saturday,5,3,9,2025,256,56.4,56.4,56.4,56.4,18.95096081911214,56.4,2062232.0,0.4409625,
2025-09-14,DKI3,56.4,77.49748848362972,36.09473684210526,15.310526315789474,65.83157894736843,18.152631578947368,33.1615,23.6115,27.892752,2.8000002,3,11.304229,5.6219482,1.484318,165.96373,23.039999,12.6449995,2.8799999,23.1336,72.208336,93.0,45.0,84.791664,100.0,24.0,1003.73975,1005.66223,1000.9458,31.651843460845797,157.135652459887,1,0,1,0,Sunday,6,3,9,2025,257,56.4,56.4,56.4,56.4,18.95096081911214,56.4,2062232.0,0.4409625,
2025-09-15,DKI3,56.4,77.49748848362972,36.09473684210526,15.310526315789474,65.83157894736843,18.152631578947368,32.7615,24.9615,28.257334,0.2,0,12.904882,5.112723,1.609969,156.0375,25.919998,11.954999,5.04,20.9448,70.875,86.0,49.0,79.25,100.0,5.0,1003.58325,1005.81616,1000.6306,2.5809764000000004,182.73190008361905,1,0,0,1,Monday,0,3,9,2025,258,56.4,56.4,56.4,56.4,18.95096081911214,56.4,2062232.0,0.4409625,
2025-09-16,DKI3,56.4,77.49748848362972,36.09473684210526,15.310526315789474,65.83157894736843,18.152631578947368,32.461502,24.4115,27.5615,27.6,10,12.10157,4.4772377,0.35999998,206.56499,24.84,10.95,4.32,18.8172,76.458336,89.0,54.0,91.625,100.0,35.0,1003.5254,1005.62354,1000.9709,334.00333200000006,158.83464786466186,1,0,0,1,Tuesday,1,3,9,2025,259,56.4,56.4,56.4,56.4,18.95096081911214,56.4,2062232.0,0.4409625,
2025-09-17,DKI3,56.4,77.49748848362972,36.09473684210526,15.310526315789474,65.83157894736843,18.152631578947368,32.6615,24.3115,27.194834,18.6,14,13.75558,4.21817,0.8049845,90.0,29.16,10.995,2.52,19.26,80.0,93.0,56.0,92.125,100.0,47.0,1003.6904,1006.1344,1001.0681,255.853788,172.5792949054,1,0,0,1,Wednesday,2,3,9,2025,260,56.4,56.4,56.4,56.4,18.95096081911214,56.4,2062232.0,0.4409625,
2025-09-18,DKI3,56.4,77.49748848362972,36.09473684210526,15.310526315789474,65.83157894736843,18.152631578947368,30.5615,24.1615,27.2115,0.5,0,9.028754,4.591005,0.8049845,57.264786,18.359999,10.29,2.16,18.9252,80.166664,93.0,63.0,88.25,100.0,64.0,1003.5957,1005.87756,1000.9769,4.514377,113.02975873809343,1,0,0,1,Thursday,3,3,9,2025,261,56.4,56.4,56.4,56.4,18.95096081911214,56.4,2062232.0,0.4409625,
2025-09-19,DKI3,56.4,77.49748848362972,36.09473684210526,15.310526315789474,65.83157894736843,18.152631578947368,31.911499,24.6615,27.326082,9.400001,9,11.159999,4.2631445,0.8049845,260.53775,26.28,15.345,5.7599998,18.8532,81.291664,92.0,58.0,85.791664,100.0,36.0,1003.6729,1005.7603,1001.5431,104.90400175999899,137.78766492376266,1,0,0,1,Friday,4,3,9,2025,262,56.4,56.4,56.4,56.4,18.95096081911214,56.4,2062232.0,0.4409625,
2025-09-20,DKI3,56.4,77.49748848362972,36.09473684210526,15.310526315789474,65.83157894736843,18.152631578947368,30.8115,24.761501,27.090668,2.8,4,16.071491,6.8604465,1.2979984,59.03632,38.16,16.859999,2.52,17.8596,82.5,95.0,60.0,94.625,100.0,44.0,1003.4895,1005.7039,1001.8482,45.0001748,195.48572688296366,1,0,1,0,Saturday,5,3,9,2025,263,56.4,56.4,56.4,56.4,18.95096081911214,56.4,2062232.0,0.4409625,
2025-09-21,DKI3,56.4,77.49748848362972,36.09473684210526,15.310526315789474,65.83157894736843,18.152631578947368,31.8115,24.261501,27.384417,4.5,7,11.183201,4.718652,1.2979984,206.56499,26.64,12.465,2.8799999,20.934,83.125,98.0,62.0,77.041664,100.0,35.0,1003.8728,1005.997,1001.76184,50.3244045,135.05577504761263,1,0,1,0,Sunday,6,3,9,2025,264,56.4,56.4,56.4,56.4,18.95096081911214,56.4,2062232.0,0.4409625,
2025-09-22,DKI3,56.4,77.49748848362972,36.09473684210526,15.310526315789474,65.83157894736843,18.152631578947368,33.711502,23.9615,28.119835,3.8999999,4,11.212135,4.9068108,0.8049845,5.527458,21.96,11.744999,3.2399998,24.6276,78.125,97.0,50.0,68.666664,100.0,0.0,1002.9673,1004.7782,999.17096,43.7273253787865,143.9411810327744,1,0,0,1,Monday,0,3,9,2025,265,56.4,56.4,56.4,56.4,18.95096081911214,56.4,2062232.0,0.4409625,
2025-09-23,DKI3,56.4,77.49748848362972,36.09473684210526,15.310526315789474,65.83157894736843,18.152631578947368,33.3115,24.7115,28.038584,0.3,1,13.004921,5.085445,0.8049845,90.0,27.359999,12.2699995,2.8799999,22.752,77.125,93.0,53.0,90.541664,100.0,52.0,1003.0649,1005.5664,999.7231,3.9014762999999997,169.13814952833582,1,0,0,1,Tuesday,1,3,9,2025,266,56.4,56.4,56.4,56.4,18.95096081911214,56.4,2062232.0,0.4409625,
2025-09-24,DKI3,56.4,77.49748848362972,36.09473684210526,15.310526315789474,65.83157894736843,18.152631578947368,33.3615,24.2115,28.253166,0.7,2,8.161764,3.1478722,1.1384199,116.56499,18.0,7.9799995,2.8799999,24.3072,72.166664,88.0,49.0,68.916664,100.0,15.0,1002.23016,1004.3856,999.2326,5.7132347999999995,113.34826339765739,1,0,0,1,Wednesday,2,3,9,2025,267,56.4,56.4,56.4,56.4,18.95096081911214,56.4,2062232.0,0.4409625,
2025-09-25,DKI3,56.4,77.49748848362972,36.09473684210526,15.310526315789474,65.83157894736843,18.152631578947368,32.8115,24.1115,27.767752,9.2,8,12.224107,3.459422,0.71999997,180.0,26.28,10.005,3.6,22.0392,74.25,86.0,54.0,68.5,100.0,16.0,1002.80615,1005.5425,1000.41,112.46178439999998,165.09642663781884,1,0,0,1,Thursday,3,3,9,2025,268,56.4,56.4,56.4,56.4,18.95096081911214,56.4,2062232.0,0.4409625,
2025-09-26,DKI3,56.4,77.49748848362972,36.09473684210526,15.310526315789474,65.83157894736843,18.152631578947368,33.9115,24.1615,28.142752,6.7,7,7.928178,3.9682274,0.8049845,72.47434,17.28,10.485,2.16,24.0912,73.291664,93.0,46.0,64.083336,100.0,12.0,1003.36914,1005.6059,999.76447,53.1187926,108.5374339655724,1,0,0,1,Friday,4,3,9,2025,269,56.4,56.4,56.4,56.4,18.95096081911214,56.4,2062232.0,0.4409625,
2025-09-27,DKI3,56.4,77.49748848362972,36.09473684210526,15.310526315789474,65.83157894736843,18.152631578947368,33.2615,25.1615,28.36775,2.1000001,3,12.475961,5.717299,1.835647,108.43504,25.919998,12.825,3.96,21.942,74.166664,90.0,50.0,88.708336,100.0,64.0,1002.9321,1005.2264,1000.33276,26.199519347596098,168.70843436140123,1,0,1,0,Saturday,5,3,9,2025,270,56.4,56.4,56.4,56.4,18.95096081911214,56.4,2062232.0,0.4409625,
2025-09-28,DKI3,56.4,77.49748848362972,36.09473684210526,15.310526315789474,65.83157894736843,18.152631578947368,33.1115,24.9115,28.5615,0.8,2,17.447933,7.045138,0.35999998,123.690094,36.36,16.664999,2.16,23.0868,72.875,87.0,50.0,73.166664,96.0,39.0,1002.88715,1005.2418,1000.0084,13.9583464,240.1140006828261,1,0,1,0,Sunday,6,3,9,2025,271,56.4,56.4,56.4,56.4,18.95096081911214,56.4,2062232.0,0.4409625,
2025-09-29,DKI3,56.4,77.49748848362972,36.09473684210526,15.310526315789474,65.83157894736843,18.152631578947368,34.0615,25.011501,27.757334,24.2,7,13.009903,4.7885785,1.2979984,248.19853,28.44,14.28,3.96,19.6704,78.458336,92.0,47.0,84.875,100.0,51.0,1003.53,1005.4552,1001.18585,314.83965259999997,166.40459922053407,1,0,0,1,Monday,0,3,9,2025,272,56.4,56.4,56.4,56.4,18.95096081911214,56.4,2062232.0,0.4409625,
2025-09-30,DKI3,56.4,77.49748848362972,36.09473684210526,15.310526315789474,65.83157894736843,18.152631578947368,32.5115,24.4115,27.596916,10.8,8,9.72,2.9947128,0.0,71.564964,22.68,8.445,2.16,19.26,78.0,94.0,53.0,89.625,100.0,48.0,1002.95526,1004.6464,1000.9228,104.97600000000001,124.98365547692308,1,0,0,1,Tuesday,1,3,9,2025,273,56.4,56.4,56.4,56.4,18.95096081911214,56.4,2062232.0,0.4409625,
2025-10-01,DKI3,52.97797356828194,74.62810852454098,35.97797356828194,16.550660792951543,56.440528634361236,17.352422907488986,31.911499,24.2115,27.3865,5.8,10,15.379206,6.036322,1.1384199,90.0,31.319998,14.549999,2.8799999,19.7712,79.791664,96.0,58.0,83.916664,100.0,53.0,1002.727,1004.8068,1000.2819,89.1993948,193.2676212237158,1,0,0,1,Wednesday,2,4,10,2025,274,56.4,56.4,56.4,56.4,18.95096081911214,56.4,2062232.0,0.4409625,
2025-10-02,DKI3,52.97797356828194,74.62810852454098,35.97797356828194,16.550660792951543,56.440528634361236,17.352422907488986,30.1615,24.9615,26.982332,8.4,11,12.783802,4.77274,0.5091169,63.435013,28.8,13.3949995,1.4399999,14.2488,82.458336,92.0,67.0,97.291664,100.0,67.0,1004.1572,1006.3415,1002.1474,107.3839368,155.6779756224331,1,0,0,1,Thursday,3,4,10,2025,275,56.4,56.4,56.4,56.4,18.95096081911214,56.4,2062232.0,0.4409625,
2025-10-03,DKI3,52.97797356828194,74.62810852454098,35.97797356828194,16.550660792951543,56.440528634361236,17.352422907488986,33.4115,23.9115,28.038584,0.0,0,7.9932966,2.9947135,0.71999997,146.3099,15.119999,7.155,1.8,21.276,73.458336,94.0,49.0,83.708336,100.0,18.0,1004.4961,1006.44806,1001.7471,0.0,109.30325539695399,0,0,0,1,Friday,4,4,10,2025,276,56.4,56.4,56.4,56.4,18.95096081911214,56.4,2062232.0,0.4409625,
2025-10-04,DKI3,52.97797356828194,74.62810852454098,35.97797356828194,16.550660792951543,56.440528634361236,17.352422907488986,34.3115,23.9615,28.196917,1.7,2,13.363711,4.0814514,1.2979984,180.0,27.0,10.17,2.16,24.03,75.166664,93.0,46.0,73.625,100.0,7.0,1004.5454,1006.32104,1001.8672,22.7183087,178.59585217164087,1,0,1,0,Saturday,5,4,10,2025,277,56.4,56.4,56.4,56.4,18.95096081911214,56.4,2062232.0,0.4409625,
2025-10-05,DKI3,52.97797356828194,74.62810852454098,35.97797356828194,16.550660792951543,56.440528634361236,17.352422907488986,32.7615,25.3615,27.738585,6.5,6,11.91812,4.740479,1.1384199,161.56496,24.84,11.775001,2.8799999,19.494,79.208336,93.0,56.0,90.375,100.0,42.0,1004.7211,1006.24567,1002.3576,77.46778,151.1758388199444,1,0,1,0,Sunday,6,4,10,2025,278,56.4,56.4,56.4,56.4,18.95096081911214,56.4,2062232.0,0.4409625,
2025-10-06,DKI3,52.97797356828194,74.62810852454098,35.97797356828194,16.550660792951543,56.440528634361236,17.352422907488986,33.211502,24.5615,28.163584,0.2,0,16.645864,6.3785367,0.5091169,143.13002,36.0,14.535,1.8,21.9528,73.625,92.0,50.0,88.666664,100.0,17.0,1004.40826,1006.4613,1001.80145,3.3291728000000003,227.0864963862362,1,0,0,1,Monday,0,4,10,2025,279,56.4,56.4,56.4,56.4,18.95096081911214,56.4,2062232.0,0.4409625,
2025-10-07,DKI3,52.97797356828194,74.62810852454098,35.97797356828194,16.550660792951543,56.440528634361236,17.352422907488986,32.5615,24.6115,27.43025,10.7,9,10.514218,4.2780614,1.08,206.56499,28.8,14.88,1.4399999,21.4056,79.333336,93.0,55.0,70.166664,100.0,33.0,1005.5908,1007.71814,1003.3763,112.50213259999998,133.27311598234567,1,0,0,1,Tuesday,1,4,10,2025,280,56.4,56.4,56.4,56.4,18.95096081911214,56.4,2062232.0,0.4409625,
2025-10-08,DKI3,52.97797356828194,74.62810852454098,35.97797356828194,16.550660792951543,56.440528634361236,17.352422907488986,33.211502,23.761501,27.590668,7.7,7,10.829959,3.482852,1.08,3.8140097,21.96,8.91,3.6,24.246,78.458336,96.0,51.0,62.375,100.0,3.0,1004.4069,1006.9637,1000.89746,83.3906843,138.64282752972355,1,0,0,1,Wednesday,2,4,10,2025,281,56.4,56.4,56.4,56.4,18.95096081911214,56.4,2062232.0,0.4409625,
2025-10-09,DKI3,52.97797356828194,74.62810852454098,35.97797356828194,16.550660792951543,56.440528634361236,17.352422907488986,33.8115,23.9115,27.861502,0.6,1,15.111424,4.533062,1.609969,360.0,30.239998,11.07,3.96,25.4196,73.458336,93.0,45.0,44.166668,100.0,2.0,1003.6149,1005.4369,1000.83514,9.066854399999999,206.45785233438448,1,0,0,1,Thursday,3,4,10,2025,282,56.4,56.4,56.4,56.4,18.95096081911214,56.4,2062232.0,0.4409625,
2025-10-10,DKI3,52.97797356828194,74.62810852454098,35.97797356828194,16.550660792951543,56.440528634361236,17.352422907488986,33.711502,23.5615,27.832335,2.6,3,14.044615,4.444054,1.484318,161.56496,29.88,12.044999,3.2399998,24.8112,71.916664,91.0,44.0,55.583332,100.0,0.0,1003.428,1005.5759,1000.4389,36.515999,195.95958928545406,1,0,0,1,Friday,4,4,10,2025,283,56.4,56.4,56.4,56.4,18.95096081911214,56.4,2062232.0,0.4409625,
2025-10-11,DKI3,52.97797356828194,74.62810852454098,35.97797356828194,16.550660792951543,56.440528634361236,17.352422907488986,32.9115,24.6615,28.328169,0.4,2,11.177405,5.244225,1.609969,126.86999,24.119999,13.079999,3.2399998,24.1128,70.875,89.0,48.0,63.583332,92.0,9.0,1003.03046,1005.41895,999.9264,4.470962,158.18381204594428,1,0,1,0,Saturday,5,4,10,2025,284,56.4,56.4,56.4,56.4,18.95096081911214,56.4,2062232.0,0.4409625,
2025-10-12,DKI3,52.97797356828194,74.62810852454098,35.97797356828194,16.550660792951543,56.440528634361236,17.352422907488986,34.1615,24.3615,28.726084,0.2,1,13.527572,5.333554,0.8049845,26.564985,29.88,13.035,3.6,24.0372,70.25,90.0,45.0,50.541668,100.0,0.0,1002.36127,1004.4402,999.559,2.7055144,193.01799644037635,1,0,1,0,Sunday,6,4,10,2025,285,56.4,56.4,56.4,56.4,18.95096081911214,56.4,2062232.0,0.4409625,
2025-10-13,DKI3,52.97797356828194,74.62810852454098,35.97797356828194,16.550660792951543,56.440528634361236,17.352422907488986,33.9115,25.3615,28.332335,11.5,9,13.397612,4.4777155,0.5091169,206.56499,32.399998,17.624998,3.2399998,21.2076,77.125,90.0,52.0,83.708336,100.0,54.0,1002.39355,1004.5042,999.62164,154.072538,174.12875013552804,1,0,0,1,Monday,0,4,10,2025,286,56.4,56.4,56.4,56.4,18.95096081911214,56.4,2062232.0,0.4409625,
2025-10-14,DKI3,52.97797356828194,74.62810852454098,35.97797356828194,16.550660792951543,56.440528634361236,17.352422907488986,33.9115,25.0615,28.859419,0.7,1,13.708391,5.1169453,0.8049845,161.56496,33.12,13.035,2.16,22.5468,75.333336,95.0,51.0,79.625,100.0,27.0,1001.05304,1003.2346,998.35834,9.5958737,182.16140705701181,1,0,0,1,Tuesday,1,4,10,2025,287,56.4,56.4,56.4,56.4,18.95096081911214,56.4,2062232.0,0.4409625,
2025-10-15,DKI3,52.97797356828194,74.62810852454098,35.97797356828194,16.550660792951543,56.440528634361236,17.352422907488986,33.1615,25.9615,28.832335,1.3,4,13.830749,6.235809,1.2979984,146.3099,34.56,18.345,3.6,21.4884,75.416664,91.0,57.0,62.958332,90.0,29.0,999.7536,1002.1222,996.84607,17.979973700000002,183.345965865666,1,0,0,1,Wednesday,2,4,10,2025,288,56.4,56.4,56.4,56.4,18.95096081911214,56.4,2062232.0,0.4409625,
2025-10-16,DKI3,52.97797356828194,74.62810852454098,35.97797356828194,16.550660792951543,56.440528634361236,17.352422907488986,34.8615,26.011501,28.965668,2.3,5,17.068707,4.78499,1.1384199,251.56496,34.56,17.16,2.8799999,20.2284,75.625,89.0,48.0,89.791664,100.0,47.0,999.6118,1001.6151,996.5618,39.258026099999995,225.6142932620509,1,0,0,1,Thursday,3,4,10,2025,289,56.4,56.4,56.4,56.4,18.95096081911214,56.4,2062232.0,0.4409625,
2025-10-17,DKI3,52.97797356828194,74.62810852454098,35.97797356828194,16.550660792951543,56.440528634361236,17.352422907488986,34.9115,25.4615,28.809418,13.5,10,15.84409,4.6194663,0.0,153.43501,31.68,13.275001,1.08,21.8376,75.708336,93.0,47.0,83.625,100.0,34.0,1000.543,1002.7792,997.7509,213.895215,209.39164930094353,1,0,0,1,Friday,4,4,10,2025,290,56.4,56.4,56.4,56.4,18.95096081911214,56.4,2062232.0,0.4409625,
2025-10-18,DKI3,52.97797356828194,74.62810852454098,35.97797356828194,16.550660792951543,56.440528634361236,17.352422907488986,33.6615,25.3115,28.388582,4.3,6,11.659777,3.8321922,0.71999997,180.0,25.56,10.605,3.96,22.4136,76.958336,91.0,50.0,74.208336,100.0,18.0,1000.00775,1002.2168,997.41516,50.1370411,151.50882892363666,1,0,1,0,Saturday,5,4,10,2025,291,56.4,56.4,56.4,56.4,18.95096081911214,56.4,2062232.0,0.4409625,
2025-10-19,DKI3,52.97797356828194,74.62810852454098,35.97797356828194,16.550660792951543,56.440528634361236,17.352422907488986,32.8615,25.2115,28.2865,1.9000001,4,12.429127,5.052216,0.8049845,184.39862,26.28,13.695,3.6,21.006,78.416664,94.0,58.0,68.5,92.0,39.0,999.0664,1001.12933,996.63464,23.6153425429127,158.35311697310664,1,0,1,0,Sunday,6,4,10,2025,292,56.4,56.4,56.4,56.4,18.95096081911214,56.4,2062232.0,0.4409625,
2025-10-20,DKI3,52.97797356828194,74.62810852454098,35.97797356828194,16.550660792951543,56.440528634361236,17.352422907488986,33.3615,25.3615,28.484419,1.8000001,6,10.948973,4.035032,1.1384199,165.96373,24.84,10.98,2.8799999,21.2364,74.708336,92.0,53.0,93.416664,100.0,74.0,999.4392,1001.58655,996.63806,19.708152494897302,146.4740536577016,1,0,0,1,Monday,0,4,10,2025,293,56.4,56.4,56.4,56.4,18.95096081911214,56.4,2062232.0,0.4409625,
2025-10-21,DKI3,52.97797356828194,74.62810852454098,35.97797356828194,16.550660792951543,56.440528634361236,17.352422907488986,34.2615,25.1615,28.403168,15.6,6,14.081477,4.444179,1.2979984,180.0,31.319998,11.099999,4.32,19.7532,76.416664,91.0,47.0,96.541664,100.0,67.0,1000.7569,1002.8904,998.3274,219.6710412,184.41180931349345,1,0,0,1,Tuesday,1,4,10,2025,294,56.4,56.4,56.4,56.4,18.95096081911214,56.4,2062232.0,0.4409625,
2025-10-22,DKI3,52.97797356828194,74.62810852454098,35.97797356828194,16.550660792951543,56.440528634361236,17.352422907488986,32.961502,25.3615,28.05525,8.7,5,10.1376915,4.9780936,1.0182338,255.96373,21.599998,11.745,3.96,18.09,80.083336,93.0,55.0,98.208336,100.0,85.0,1001.48517,1003.7746,998.82385,88.19791605,126.77728229609535,1,0,0,1,Wednesday,2,4,10,2025,295,56.4,56.4,56.4,56.4,18.95096081911214,56.4,2062232.0,0.4409625,
2025-10-23,DKI3,52.97797356828194,74.62810852454098,35.97797356828194,16.550660792951543,56.440528634361236,17.352422907488986,31.4115,24.6615,27.282333,2.7,3,12.979984,6.0791135,0.0,153.43501,25.919998,13.274999,1.8,14.418,82.208336,96.0,62.0,97.291664,100.0,85.0,1002.0337,1003.6633,1000.07733,35.0459568,158.21243959324025,1,0,0,1,Thursday,3,4,10,2025,296,56.4,56.4,56.4,56.4,18.95096081911214,56.4,2062232.0,0.4409625,
2025-10-24,DKI3,52.97797356828194,74.62810852454098,35.97797356828194,16.550660792951543,56.440528634361236,17.352422907488986,32.0115,24.4115,27.84275,0.4,1,12.768586,6.290672,0.8049845,296.56497,29.519999,13.38,2.16,16.9344,76.083336,91.0,58.0,94.333336,100.0,74.0,1001.8442,1004.45856,999.7105,5.107434400000001,168.13318788099932,1,0,0,1,Friday,4,4,10,2025,297,56.4,56.4,56.4,56.4,18.95096081911214,56.4,2062232.0,0.4409625,
2025-10-25,DKI3,52.97797356828194,74.62810852454098,35.97797356828194,16.550660792951543,56.440528634361236,17.352422907488986,32.4115,24.3115,27.465668,0.7,2,9.983106,5.199573,0.5091169,210.96368,24.119999,11.054999,3.96,16.1316,75.833336,92.0,56.0,97.833336,100.0,85.0,1002.12885,1003.4802,999.6156,6.9881742,131.92560241854716,1,0,1,0,Saturday,5,4,10,2025,298,56.4,56.4,56.4,56.4,18.95096081911214,56.4,2062232.0,0.4409625,
2025-10-26,DKI3,52.97797356828194,74.62810852454098,35.97797356828194,16.550660792951543,56.440528634361236,17.352422907488986,32.5615,24.0615,27.73025,5.7,4,9.3669195,3.0365734,0.5091169,180.0,18.359999,7.41,2.52,20.358,76.083336,91.0,51.0,100.0,100.0,100.0,1002.5903,1004.5855,1000.7982,53.39144115,123.4328451578523,1,0,1,0,Sunday,6,4,10,2025,299,56.4,56.4,56.4,56.4,18.95096081911214,56.4,2062232.0,0.4409625,
2025-10-27,DKI3,52.97797356828194,74.62810852454098,35.97797356828194,16.550660792951543,56.440528634361236,17.352422907488986,32.1615,24.261501,27.332335,18.1,8,12.538134,4.3591843,1.1384199,233.13002,23.4,9.615,3.2399998,20.2068,81.458336,95.0,57.0,93.875,100.0,73.0,1003.11865,1004.8475,1000.5703,226.9402254,154.4008467297822,1,0,0,1,Monday,0,4,10,2025,300,56.4,56.4,56.4,56.4,18.95096081911214,56.4,2062232.0,0.4409625,
2025-10-28,DKI3,52.97797356828194,74.62810852454098,35.97797356828194,16.550660792951543,56.440528634361236,17.352422907488986,30.6615,25.0615,26.986502,6.9,10,7.342588,3.7872746,1.2979984,194.03627,18.72,8.775,2.52,15.5088,83.083336,92.0,67.0,100.0,100.0,100.0,1003.5781,1005.38324,1001.91547,50.6638572,88.69240053291553,1,0,0,1,Tuesday,1,4,10,2025,301,56.4,56.4,56.4,56.4,18.95096081911214,56.4,2062232.0,0.4409625,
2025-10-29,DKI3,52.97797356828194,74.62810852454098,35.97797356828194,16.550660792951543,56.440528634361236,17.352422907488986,31.6615,24.3615,27.728167,3.3,2,4.6102495,2.4598935,0.0,243.43501,15.84,7.02,2.16,21.7152,76.958336,92.0,57.0,92.625,100.0,67.0,1003.44244,1005.50665,1000.8003,15.21382335,60.11200667447878,1,0,0,1,Wednesday,2,4,10,2025,302,56.4,56.4,56.4,56.4,18.95096081911214,56.4,2062232.0,0.4409625,
2025-10-30,DKI3,52.97797356828194,74.62810852454098,35.97797356828194,16.550660792951543,56.440528634361236,17.352422907488986,32.711502,25.2115,27.688583,11.400001,5,7.42159,3.42115,0.8049845,180.0,15.84,7.6949997,3.6,18.9972,81.041664,95.0,55.0,99.083336,100.0,84.0,1003.2844,1004.9993,1000.7069,84.60613342159,91.8782401876151,1,0,0,1,Thursday,3,4,10,2025,303,56.4,56.4,56.4,56.4,18.95096081911214,56.4,2062232.0,0.4409625,
2025-10-31,DKI3,52.97797356828194,74.62810852454098,35.97797356828194,16.550660792951543,56.440528634361236,17.352422907488986,32.5115,24.4115,27.469833,18.9,9,9.826088,3.526271,0.35999998,206.56499,21.24,8.835,2.52,21.0132,80.75,95.0,58.0,75.75,100.0,37.0,1004.1023,1005.9383,1001.7632,185.7130632,122.1844899170576,1,0,0,1,Friday,4,4,10,2025,304,56.4,56.4,56.4,56.4,18.95096081911214,56.4,2062232.0,0.4409625,
2025-11-01,DKI3,47.351931330472105,65.60550076562447,34.072961373390555,16.40772532188841,56.17596566523605,18.55793991416309,33.0115,24.4115,27.428167,10.4,6,13.75558,4.7865386,1.0182338,40.601215,26.28,11.399999,2.8799999,20.7936,80.458336,95.0,55.0,82.0,100.0,9.0,1003.7703,1005.68024,1001.24146,143.058032,171.6098461603034,1,0,1,0,Saturday,5,4,11,2025,305,56.4,56.4,56.4,56.4,18.95096081911214,56.4,2062232.0,0.4409625,
2025-11-02,DKI3,47.351931330472105,65.60550076562447,34.072961373390555,16.40772532188841,56.17596566523605,18.55793991416309,33.5615,24.7115,27.834417,17.5,7,14.973576,4.3818126,0.71999997,224.9999,30.599998,10.544999,1.08,21.204,78.75,92.0,52.0,92.708336,100.0,37.0,1003.42017,1005.3559,1001.3823,262.03758,190.79096095781483,1,0,1,0,Sunday,6,4,11,2025,306,56.4,56.4,56.4,56.4,18.95096081911214,56.4,2062232.0,0.4409625,
2025-11-03,DKI3,47.351931330472105,65.60550076562447,34.072961373390555,16.40772532188841,56.17596566523605,18.55793991416309,33.5115,24.761501,28.017752,11.6,6,11.792404,4.994376,0.5091169,69.44387,24.48,11.490001,3.6,21.942,78.291664,93.0,53.0,97.083336,100.0,66.0,1002.9321,1004.8881,1000.0915,136.79188639999998,151.06308773522045,1,0,0,1,Monday,0,4,11,2025,307,56.4,56.4,56.4,56.4,18.95096081911214,56.4,2062232.0,0.4409625,
2025-11-04,DKI3,47.351931330472105,65.60550076562447,34.072961373390555,16.40772532188841,56.17596566523605,18.55793991416309,33.961502,24.3115,28.332335,4.2999997,7,13.004921,4.710468,0.5091169,98.13002,26.28,11.174999,2.16,22.7448,76.375,95.0,47.0,93.583336,100.0,56.0,1002.27344,1004.432,999.3397,55.9211563985237,170.66431302910954,1,0,0,1,Tuesday,1,4,11,2025,308,56.4,56.4,56.4,56.4,18.95096081911214,56.4,2062232.0,0.4409625,
2025-11-05,DKI3,47.351931330472105,65.60550076562447,34.072961373390555,16.40772532188841,56.17596566523605,18.55793991416309,31.6615,25.511501,27.753166,0.4,1,16.394829,7.265385,0.35999998,270.0,34.92,16.23,1.4399999,16.9776,74.791664,91.0,58.0,98.083336,100.0,84.0,1001.958,1004.0254,999.4033,6.557931600000001,219.63584170532698,1,0,0,1,Wednesday,2,4,11,2025,309,56.4,56.4,56.4,56.4,18.95096081911214,56.4,2062232.0,0.4409625,
2025-11-06,DKI3,47.351931330472105,65.60550076562447,34.072961373390555,16.40772532188841,56.17596566523605,18.55793991416309,31.3615,24.8115,27.61775,0.0,0,20.211363,10.08539,3.0758414,266.186,39.6,20.789999,6.12,19.8216,73.458336,85.0,58.0,83.541664,100.0,44.0,1001.73145,1003.5615,999.48755,0.0,275.6168879794166,0,0,0,1,Thursday,3,4,11,2025,310,56.4,56.4,56.4,56.4,18.95096081911214,56.4,2062232.0,0.4409625,
2025-11-07,DKI3,47.351931330472105,65.60550076562447,34.072961373390555,16.40772532188841,56.17596566523605,18.55793991416309,32.461502,24.4115,27.65525,1.0,3,18.709612,8.97404,2.0991426,264.80566,36.36,18.885,4.68,19.9512,76.0,90.0,55.0,87.041664,100.0,67.0,1001.56665,1003.39655,999.20337,18.709612,246.56478175841843,1,0,0,1,Friday,4,4,11,2025,311,56.4,56.4,56.4,56.4,18.95096081911214,56.4,2062232.0,0.4409625,
2025-11-08,DKI3,47.351931330472105,65.60550076562447,34.072961373390555,16.40772532188841,56.17596566523605,18.55793991416309,29.7115,24.6115,26.7615,1.7,3,21.841648,10.597962,3.671294,251.56496,51.839996,24.945,7.5599995,16.6464,80.75,92.0,66.0,94.791664,100.0,62.0,1002.8322,1004.3375,1001.54095,37.1308016,271.25087201814983,1,0,1,0,Saturday,5,4,11,2025,312,56.4,56.4,56.4,56.4,18.95096081911214,56.4,2062232.0,0.4409625,
2025-11-09,DKI3,47.351931330472105,65.60550076562447,34.072961373390555,16.40772532188841,56.17596566523605,18.55793991416309,31.8115,24.0615,27.38025,0.7,2,16.93531,7.3858147,2.0364676,213.6901,37.44,17.13,4.32,19.3536,76.125,89.0,57.0,99.5,100.0,90.0,1002.1226,1004.05505,999.88,11.854717,222.93933515935635,1,0,1,0,Sunday,6,4,11,2025,313,56.4,56.4,56.4,56.4,18.95096081911214,56.4,2062232.0,0.4409625,
2025-11-10,DKI3,47.351931330472105,65.60550076562447,34.072961373390555,16.40772532188841,56.17596566523605,18.55793991416309,32.5115,24.1615,27.484419,0.0,0,16.595179,7.8522778,2.5455842,246.80138,38.16,18.0,5.04,22.9428,75.5,90.0,56.0,78.625,100.0,3.0,1001.69916,1003.445,999.5715,0.0,220.17717701125352,0,0,0,1,Monday,0,4,11,2025,314,56.4,56.4,56.4,56.4,18.95096081911214,56.4,2062232.0,0.4409625,
2025-11-11,DKI3,47.351931330472105,65.60550076562447,34.072961373390555,16.40772532188841,56.17596566523605,18.55793991416309,30.3115,24.4615,26.876083,0.5,1,16.595179,8.21489,2.9024127,206.56499,39.239998,18.765,6.12,16.8984,77.333336,87.0,64.0,97.708336,100.0,72.0,1002.2888,1004.43335,1000.549,8.2975895,215.08398455350743,1,0,0,1,Tuesday,1,4,11,2025,315,56.4,56.4,56.4,56.4,18.95096081911214,56.4,2062232.0,0.4409625,
2025-11-12,DKI3,47.351931330472105,65.60550076562447,34.072961373390555,16.40772532188841,56.17596566523605,18.55793991416309,31.2115,24.0615,26.269835,3.1,3,14.332341,9.288512,5.0911684,259.9921,33.12,20.835,11.159999,12.9528,81.041664,89.0,62.0,98.25,100.0,75.0,1002.9692,1004.9247,1000.75604,44.4302571,177.3766218188363,1,0,0,1,Wednesday,2,4,11,2025,316,56.4,56.4,56.4,56.4,18.95096081911214,56.4,2062232.0,0.4409625,
2025-11-13,DKI3,47.351931330472105,65.60550076562447,34.072961373390555,16.40772532188841,56.17596566523605,18.55793991416309,30.1115,24.0615,26.576082,0.5,2,16.56,8.194247,2.9024127,270.0,37.8,18.705,6.8399997,17.0712,78.416664,91.0,62.0,91.125,100.0,47.0,1002.98486,1004.69904,1000.85626,8.28,211.8099449066081,1,0,0,1,Thursday,3,4,11,2025,317,56.4,56.4,56.4,56.4,18.95096081911214,56.4,2062232.0,0.4409625,
2025-11-14,DKI3,47.351931330472105,65.60550076562447,34.072961373390555,16.40772532188841,56.17596566523605,18.55793991416309,29.261501,23.8615,26.163584,1.0,3,15.496736,8.069211,3.2599385,265.23645,32.760002,17.565,7.92,15.2676,80.291664,91.0,67.0,84.0,100.0,49.0,1001.949,1003.82526,999.5561,15.496736,193.38170819904792,1,0,0,1,Friday,4,4,11,2025,318,56.4,56.4,56.4,56.4,18.95096081911214,56.4,2062232.0,0.4409625,
2025-11-15,DKI3,47.351931330472105,65.60550076562447,34.072961373390555,16.40772532188841,56.17596566523605,18.55793991416309,31.511501,23.3615,26.957335,5.8,5,12.7279215,5.900606,2.0991426,270.0,33.839996,15.255,5.04,18.9252,80.291664,92.0,63.0,91.458336,100.0,47.0,1002.0092,1004.05914,1000.1754,73.8219447,158.83958314623797,1,0,1,0,Saturday,5,4,11,2025,319,56.4,56.4,56.4,56.4,18.95096081911214,56.4,2062232.0,0.4409625,
2025-11-16,DKI3,47.351931330472105,65.60550076562447,34.072961373390555,16.40772532188841,56.17596566523605,18.55793991416309,32.0115,24.4115,27.690666,0.2,0,16.981165,8.533601,3.6,270.0,36.719997,18.9,7.2,20.2284,75.875,90.0,56.0,99.708336,100.0,93.0,1002.25415,1004.15466,999.41266,3.3962330000000005,224.30896992533445,1,0,1,0,Sunday,6,4,11,2025,320,56.4,56.4,56.4,56.4,18.95096081911214,56.4,2062232.0,0.4409625,
2025-11-17,DKI3,47.351931330472105,65.60550076562447,34.072961373390555,16.40772532188841,56.17596566523605,18.55793991416309,32.2615,24.3115,27.882334,0.2,0,15.5843,7.958111,3.4152596,261.2539,35.28,18.179998,6.8399997,21.0564,73.375,85.0,57.0,91.958336,100.0,41.0,1002.1015,1003.9321,999.4196,3.1168600000000004,212.83884710664395,1,0,0,1,Monday,0,4,11,2025,321,56.4,56.4,56.4,56.4,18.95096081911214,56.4,2062232.0,0.4409625,
2025-11-18,DKI3,47.351931330472105,65.60550076562447,34.072961373390555,16.40772532188841,56.17596566523605,18.55793991416309,31.5615,23.9115,26.582335,10.0,6,11.928989,4.3309197,0.35999998,278.13,28.44,12.509999,0.71999997,17.0028,82.125,91.0,62.0,80.666664,100.0,35.0,1001.42114,1003.2983,999.3292,119.28989,145.46047809348505,1,0,0,1,Tuesday,1,4,11,2025,322,56.4,56.4,56.4,56.4,18.95096081911214,56.4,2062232.0,0.4409625,
2025-11-19,DKI3,47.351931330472105,65.60550076562447,34.072961373390555,16.40772532188841,56.17596566523605,18.55793991416309,31.761501,23.3115,26.615667,14.4,5,12.387348,5.4182835,0.35999998,146.3099,30.599998,13.41,1.8,17.82,83.708336,98.0,60.0,92.5,100.0,37.0,1001.28955,1003.1824,998.8918,178.3778112,148.1730816464133,1,0,0,1,Wednesday,2,4,11,2025,323,56.4,56.4,56.4,56.4,18.95096081911214,56.4,2062232.0,0.4409625,
2025-11-20,DKI3,47.351931330472105,65.60550076562447,34.072961373390555,16.40772532188841,56.17596566523605,18.55793991416309,28.761501,23.761501,25.830252,12.6,10,13.1041975,7.185577,0.8049845,213.6901,33.12,17.01,3.6,11.1564,88.541664,95.0,79.0,98.916664,100.0,77.0,1001.8088,1003.5228,999.81506,165.1128885,148.2680557306671,1,0,0,1,Thursday,3,4,11,2025,324,56.4,56.4,56.4,56.4,18.95096081911214,56.4,2062232.0,0.4409625,
2025-11-21,DKI3,47.351931330472105,65.60550076562447,34.072961373390555,16.40772532188841,56.17596566523605,18.55793991416309,31.8115,23.7115,27.240667,0.2,0,11.592895,7.7042904,4.2136917,255.96373,28.44,16.994999,9.36,19.1736,77.25,93.0,56.0,94.375,100.0,58.0,1001.7304,1003.55255,999.409,2.318579,150.32951903570228,1,0,0,1,Friday,4,4,11,2025,325,56.4,56.4,56.4,56.4,18.95096081911214,56.4,2062232.0,0.4409625,
2025-11-22,DKI3,47.351931330472105,65.60550076562447,34.072961373390555,16.40772532188841,56.17596566523605,18.55793991416309,32.5115,23.761501,27.476084,3.3,7,11.440978,3.2761958,0.71999997,90.0,23.4,8.595,2.52,20.3256,76.708336,94.0,50.0,86.125,100.0,52.0,1001.2644,1003.0631,998.8987,37.755227399999995,149.33766745485391,1,0,1,0,Saturday,5,4,11,2025,326,56.4,56.4,56.4,56.4,18.95096081911214,56.4,2062232.0,0.4409625,
2025-11-23,DKI3,47.351931330472105,65.60550076562447,34.072961373390555,16.40772532188841,56.17596566523605,18.55793991416309,30.4115,25.1115,27.076082,8.3,5,11.183201,4.4266953,1.1384199,236.3099,23.039999,11.22,2.52,14.202,83.25,95.0,67.0,99.208336,100.0,90.0,1001.09393,1002.6139,999.15076,92.8205683,134.47969536420337,1,0,1,0,Sunday,6,4,11,2025,327,56.4,56.4,56.4,56.4,18.95096081911214,56.4,2062232.0,0.4409625,
2025-11-24,DKI3,47.351931330472105,65.60550076562447,34.072961373390555,16.40772532188841,56.17596566523605,18.55793991416309,33.6615,24.1615,28.176085,0.0,0,15.226764,6.486757,1.8,243.43501,29.88,13.7699995,3.6,21.4884,68.958336,88.0,49.0,76.0,100.0,37.0,1000.6106,1002.5301,998.07294,0.0,220.9458978548786,0,0,0,1,Monday,0,4,11,2025,328,56.4,56.4,56.4,56.4,18.95096081911214,56.4,2062232.0,0.4409625,
2025-11-25,DKI3,47.351931330472105,65.60550076562447,34.072961373390555,16.40772532188841,56.17596566523605,18.55793991416309,33.5115,23.3615,28.274,0.0,0,11.770403,5.860676,2.3051248,224.9999,22.319998,12.2699995,3.96,21.7692,66.625,88.0,46.0,95.416664,100.0,54.0,1000.0212,1001.70374,997.4772,0.0,176.67020686744615,0,0,0,1,Tuesday,1,4,11,2025,329,56.4,56.4,56.4,56.4,18.95096081911214,56.4,2062232.0,0.4409625,
2025-11-26,DKI3,47.351931330472105,65.60550076562447,34.072961373390555,16.40772532188841,56.17596566523605,18.55793991416309,33.0115,23.8615,28.03025,0.5,1,14.77755,6.223026,1.484318,224.9999,29.88,13.215,5.04,23.2452,70.958336,87.0,48.0,89.125,100.0,22.0,1000.21844,1002.3603,997.92664,7.388775,208.30220719975733,1,0,0,1,Wednesday,2,4,11,2025,330,56.4,56.4,56.4,56.4,18.95096081911214,56.4,2062232.0,0.4409625,
2025-11-27,DKI3,47.351931330472105,65.60550076562447,34.072961373390555,16.40772532188841,56.17596566523605,18.55793991416309,32.3615,24.4115,27.80525,0.5,1,9.0,3.6627169,0.35999998,180.0,24.119999,9.2699995,1.4399999,17.8812,75.5,91.0,55.0,76.958336,100.0,13.0,1001.3716,1003.2419,999.11475,4.5,119.3688,1,0,0,1,Thursday,3,4,11,2025,331,56.4,56.4,56.4,56.4,18.95096081911214,56.4,2062232.0,0.4409625,
2025-11-28,DKI3,47.351931330472105,65.60550076562447,34.072961373390555,16.40772532188841,56.17596566523605,18.55793991416309,32.7615,23.5615,27.703169,1.7,2,12.57426,4.109507,1.0182338,336.3706,25.56,10.275,4.68,19.0512,75.083336,90.0,51.0,88.375,100.0,19.0,1001.50977,1003.1365,999.7463,21.376242,167.72355773483744,1,0,0,1,Friday,4,4,11,2025,332,56.4,56.4,56.4,56.4,18.95096081911214,56.4,2062232.0,0.4409625,
2025-11-29,DKI3,47.351931330472105,65.60550076562447,34.072961373390555,16.40772532188841,56.17596566523605,18.55793991416309,33.461502,24.1615,28.201082,7.5,4,12.371645,4.584407,1.4399999,236.3099,25.56,11.009999,5.04,20.1024,70.0,85.0,46.0,100.0,100.0,100.0,1002.10065,1003.7947,999.7542,92.78733749999999,177.10904994384643,1,0,1,0,Saturday,5,4,11,2025,333,56.4,56.4,56.4,56.4,18.95096081911214,56.4,2062232.0,0.4409625,
2025-11-30,DKI3,47.351931330472105,65.60550076562447,34.072961373390555,16.40772532188841,56.17596566523605,18.55793991416309,32.5615,25.1115,27.79275,11.4,10,12.261158,4.611056,0.0,180.0,26.28,11.34,3.96,17.3196,76.166664,87.0,57.0,99.166664,100.0,80.0,1003.37787,1005.839,1001.529,139.7772012,161.52177280303968,1,0,1,0,Sunday,6,4,11,2025,334,56.4,56.4,56.4,56.4,18.95096081911214,56.4,2062232.0,0.4409625,
2025-09-01,DKI4,73.72935779816514,107.05422161697248,38.72935779816514,16.646788990825687,50.58256880733945,18.770642201834864,32.851997,24.252,27.891584,0.9,3,14.336861,6.213839,1.9386592,144.46223,30.239998,13.905,3.6,21.2616,74.083336,91.0,50.0,40.208332,100.0,0.0,1006.3892,1008.109,1003.963,12.903174900000002,194.75988597896293,1,0,0,1,Monday,0,3,9,2025,244,73.72935779816514,73.72935779816514,73.72935779816514,73.72935779816514,20.490769354342728,73.72935779816514,2693896.0,0.5216875000000001,
2025-09-02,DKI4,73.72935779816514,107.05422161697248,38.72935779816514,16.646788990825687,50.58256880733945,18.770642201834864,33.552,24.752,28.2895,0.0,0,17.727943,7.727409,1.8,123.690094,35.28,16.859999,3.96,21.3624,68.541664,86.0,45.0,37.5,100.0,0.0,1006.7421,1008.7253,1003.9838,0.0,260.38858006861784,0,0,0,1,Tuesday,1,3,9,2025,245,73.72935779816514,73.72935779816514,73.72935779816514,73.72935779816514,20.490769354342728,73.72935779816514,2693896.0,0.5216875000000001,
2025-09-03,DKI4,73.72935779816514,107.05422161697248,38.72935779816514,16.646788990825687,50.58256880733945,18.770642201834864,35.202,24.052,28.454084,0.0,0,21.900904,8.613396,1.835647,161.56496,43.92,18.644999,3.2399998,23.6808,66.958336,86.0,37.0,37.5,97.0,0.0,1007.2338,1009.32794,1004.7778,0.0,329.44861054126557,0,0,0,1,Wednesday,2,3,9,2025,246,73.72935779816514,73.72935779816514,73.72935779816514,73.72935779816514,20.490769354342728,73.72935779816514,2693896.0,0.5216875000000001,
2025-09-04,DKI4,73.72935779816514,107.05422161697248,38.72935779816514,16.646788990825687,50.58256880733945,18.770642201834864,33.901997,24.202,28.366583,0.0,0,16.58346,6.6192055,0.8049845,180.0,34.92,15.21,1.8,22.8348,71.291664,87.0,44.0,41.541668,100.0,0.0,1006.8924,1009.22955,1004.37354,0.0,234.21756349668033,0,0,0,1,Thursday,3,3,9,2025,247,73.72935779816514,73.72935779816514,73.72935779816514,73.72935779816514,20.490769354342728,73.72935779816514,2693896.0,0.5216875000000001,
2025-09-05,DKI4,73.72935779816514,107.05422161697248,38.72935779816514,16.646788990825687,50.58256880733945,18.770642201834864,32.651997,24.602,27.897833,5.9,9,12.964998,4.2846265,0.8049845,216.86998,28.44,11.024999,3.2399998,19.7352,77.666664,91.0,56.0,66.125,100.0,32.0,1007.31586,1009.3026,1005.2521,76.4934882,168.15255654946478,1,1,0,0,Friday,4,3,9,2025,248,73.72935779816514,73.72935779816514,73.72935779816514,73.72935779816514,20.490769354342728,73.72935779816514,2693896.0,0.5216875000000001,Prophet's Birthday
2025-09-06,DKI4,73.72935779816514,107.05422161697248,38.72935779816514,16.646788990825687,50.58256880733945,18.770642201834864,32.151997,24.752,27.631166,5.2,11,11.879999,4.1518216,0.35999998,7.59456,26.64,11.415,3.2399998,19.6632,76.041664,90.0,52.0,80.958336,100.0,28.0,1007.9239,1009.7411,1005.9522,61.7759948,157.4680812360458,1,0,1,0,Saturday,5,3,9,2025,249,73.72935779816514,73.72935779816514,73.72935779816514,73.72935779816514,20.490769354342728,73.72935779816514,2693896.0,0.5216875000000001,
2025-09-07,DKI4,73.72935779816514,107.05422161697248,38.72935779816514,16.646788990825687,50.58256880733945,18.770642201834864,32.002,24.402,27.827002,0.4,0,7.6367526,3.2190697,0.35999998,188.13002,17.64,8.37,2.52,20.6892,71.666664,90.0,53.0,72.833336,100.0,34.0,1007.52704,1009.80365,1005.06305,3.0547010400000003,107.36141900354544,1,0,1,0,Sunday,6,3,9,2025,250,73.72935779816514,73.72935779816514,73.72935779816514,73.72935779816514,20.490769354342728,73.72935779816514,2693896.0,0.5216875000000001,
2025-09-08,DKI4,73.72935779816514,107.05422161697248,38.72935779816514,16.646788990825687,50.58256880733945,18.770642201834864,33.651997,24.652,28.345749,0.3,0,12.661564,4.956371,0.71999997,188.13002,28.44,12.179999,4.68,22.1832,71.5,88.0,46.0,69.916664,100.0,33.0,1007.4365,1009.32983,1004.87396,3.7984692,178.4017023872168,1,0,0,1,Monday,0,3,9,2025,251,73.72935779816514,73.72935779816514,73.72935779816514,73.72935779816514,20.490769354342728,73.72935779816514,2693896.0,0.5216875000000001,
2025-09-09,DKI4,73.72935779816514,107.05422161697248,38.72935779816514,16.646788990825687,50.58256880733945,18.770642201834864,32.552,24.902,28.0395,2.9,6,10.538843,3.9855087,0.5091169,163.30067,23.039999,11.054999,2.8799999,20.4444,76.5,92.0,51.0,82.333336,100.0,36.0,1007.8532,1009.9281,1005.0596,30.5626447,138.84453126598171,1,0,0,1,Tuesday,1,3,9,2025,252,73.72935779816514,73.72935779816514,73.72935779816514,73.72935779816514,20.490769354342728,73.72935779816514,2693896.0,0.5216875000000001,
2025-09-10,DKI4,73.72935779816514,107.05422161697248,38.72935779816514,16.646788990825687,50.58256880733945,18.770642201834864,32.702,24.652,27.699915,8.3,11,11.440978,4.6541734,0.35999998,161.56496,28.44,13.785,2.16,19.0908,80.041664,93.0,58.0,87.083336,100.0,50.0,1007.0813,1009.0279,1004.2609,94.9601174,143.94996832538862,1,0,0,1,Wednesday,2,3,9,2025,253,73.72935779816514,73.72935779816514,73.72935779816514,73.72935779816514,20.490769354342728,73.72935779816514,2693896.0,0.5216875000000001,
2025-09-11,DKI4,73.72935779816514,107.05422161697248,38.72935779816514,16.646788990825687,50.58256880733945,18.770642201834864,32.302,24.752,27.441584,6.8,11,9.028754,4.228583,1.08,333.43503,19.8,11.16,5.04,18.4392,79.666664,90.0,56.0,91.916664,100.0,65.0,1007.15356,1009.297,1004.9447,61.3955272,114.1423686758647,1,0,0,1,Thursday,3,3,9,2025,254,73.72935779816514,73.72935779816514,73.72935779816514,73.72935779816514,20.490769354342728,73.72935779816514,2693896.0,0.5216875000000001,
2025-09-12,DKI4,73.72935779816514,107.05422161697248,38.72935779816514,16.646788990825687,50.58256880733945,18.770642201834864,32.802,24.902,27.568666,18.1,7,12.10157,3.435912,0.5091169,90.0,24.48,9.2699995,2.16,17.9316,81.125,92.0,56.0,95.791664,100.0,67.0,1007.7072,1009.4995,1004.8532,219.03841700000004,150.3215928542866,1,0,0,1,Friday,4,3,9,2025,255,73.72935779816514,73.72935779816514,73.72935779816514,73.72935779816514,20.490769354342728,73.72935779816514,2693896.0,0.5216875000000001,
2025-09-13,DKI4,73.72935779816514,107.05422161697248,38.72935779816514,16.646788990825687,50.58256880733945,18.770642201834864,33.401997,24.852,28.229082,0.9,2,10.538843,3.9163103,0.35999998,198.43504,21.599998,9.45,3.2399998,22.3956,74.416664,92.0,49.0,58.75,100.0,0.0,1008.05444,1010.02435,1005.67786,9.4849587,142.76006081934713,1,0,1,0,Saturday,5,3,9,2025,256,73.72935779816514,73.72935779816514,73.72935779816514,73.72935779816514,20.490769354342728,73.72935779816514,2693896.0,0.5216875000000001,
2025-09-14,DKI4,73.72935779816514,107.05422161697248,38.72935779816514,16.646788990825687,50.58256880733945,18.770642201834864,34.052,24.102,28.204084,1.7,2,14.689589,5.8374686,1.484318,135.0001,29.88,13.3949995,2.8799999,23.2848,73.208336,92.0,45.0,83.583336,100.0,32.0,1007.9003,1009.90686,1005.0838,24.972301299999998,202.23982634951162,1,0,1,0,Sunday,6,3,9,2025,257,73.72935779816514,73.72935779816514,73.72935779816514,73.72935779816514,20.490769354342728,73.72935779816514,2693896.0,0.5216875000000001,
2025-09-15,DKI4,73.72935779816514,107.05422161697248,38.72935779816514,16.646788990825687,50.58256880733945,18.770642201834864,33.101997,25.452,28.568666,0.4,0,12.015589,5.336874,2.1897945,144.46223,25.919998,12.57,5.3999996,20.1996,70.458336,85.0,48.0,75.791664,100.0,4.0,1007.7586,1010.0313,1005.0648,4.806235600000001,171.85777916775382,1,0,0,1,Monday,0,3,9,2025,258,73.72935779816514,73.72935779816514,73.72935779816514,73.72935779816514,20.490769354342728,73.72935779816514,2693896.0,0.5216875000000001,
2025-09-16,DKI4,73.72935779816514,107.05422161697248,38.72935779816514,16.646788990825687,50.58256880733945,18.770642201834864,32.651997,24.902,27.993668,15.9,10,11.113451,4.5566664,1.0182338,224.9999,24.48,11.61,3.96,18.6552,75.75,87.0,54.0,90.666664,100.0,33.0,1007.6907,1009.8338,1005.2542,176.7038709,147.8405441268079,1,0,0,1,Tuesday,1,3,9,2025,259,73.72935779816514,73.72935779816514,73.72935779816514,73.72935779816514,20.490769354342728,73.72935779816514,2693896.0,0.5216875000000001,
2025-09-17,DKI4,73.72935779816514,107.05422161697248,38.72935779816514,16.646788990825687,50.58256880733945,18.770642201834864,32.101997,24.702,27.579084,17.9,14,12.7279215,4.386978,0.5091169,360.0,27.72,11.655,3.2399998,19.1808,79.083336,93.0,62.0,90.416664,100.0,39.0,1007.88605,1010.2987,1005.25635,227.82979484999998,162.21235944504255,1,0,0,1,Wednesday,2,3,9,2025,260,73.72935779816514,73.72935779816514,73.72935779816514,73.72935779816514,20.490769354342728,73.72935779816514,2693896.0,0.5216875000000001,
2025-09-18,DKI4,73.72935779816514,107.05422161697248,38.72935779816514,16.646788990825687,50.58256880733945,18.770642201834864,31.102,24.602,27.720749,0.3,0,8.759178,4.391648,0.8049845,206.56499,18.359999,10.365,2.16,18.8424,78.375,92.0,61.0,88.166664,100.0,44.0,1007.742,1010.1151,1004.9617,2.6277534,112.62509162457417,1,0,0,1,Thursday,3,3,9,2025,261,73.72935779816514,73.72935779816514,73.72935779816514,73.72935779816514,20.490769354342728,73.72935779816514,2693896.0,0.5216875000000001,
2025-09-19,DKI4,73.72935779816514,107.05422161697248,38.72935779816514,16.646788990825687,50.58256880733945,18.770642201834864,32.202,25.202,27.679083,8.599999,7,10.464798,4.4381976,0.8049845,218.65984,26.28,17.385,6.12,18.8604,81.333336,92.0,59.0,91.25,100.0,58.0,1007.8497,1009.9098,1005.6426,89.997252335202,129.67553089007194,1,0,0,1,Friday,4,3,9,2025,262,73.72935779816514,73.72935779816514,73.72935779816514,73.72935779816514,20.490769354342728,73.72935779816514,2693896.0,0.5216875000000001,
2025-09-20,DKI4,73.72935779816514,107.05422161697248,38.72935779816514,16.646788990825687,50.58256880733945,18.770642201834864,31.102,25.152,27.506166,3.6000001,4,15.745627,6.5625434,1.2979984,213.6901,37.44,16.905,2.8799999,17.4168,81.25,93.0,59.0,96.0,100.0,39.0,1007.63617,1009.82587,1005.94366,56.6842587745627,195.27216350189033,1,0,1,0,Saturday,5,3,9,2025,263,73.72935779816514,73.72935779816514,73.72935779816514,73.72935779816514,20.490769354342728,73.72935779816514,2693896.0,0.5216875000000001,
2025-09-21,DKI4,73.72935779816514,107.05422161697248,38.72935779816514,16.646788990825687,50.58256880733945,18.770642201834864,32.202,24.552,27.670752,6.6,8,11.212135,5.0660377,1.2979984,224.9999,26.64,13.424999,3.2399998,20.9376,83.291664,98.0,61.0,79.791664,100.0,51.0,1008.0573,1010.22473,1005.9468,74.000091,135.6975475401176,1,0,1,0,Sunday,6,3,9,2025,264,73.72935779816514,73.72935779816514,73.72935779816514,73.72935779816514,20.490769354342728,73.72935779816514,2693896.0,0.5216875000000001,
2025-09-22,DKI4,73.72935779816514,107.05422161697248,38.72935779816514,16.646788990825687,50.58256880733945,18.770642201834864,34.202,24.552,28.362417,2.3,5,13.797912,5.411856,0.0,90.0,29.519999,13.275001,3.2399998,24.2316,78.166664,96.0,50.0,62.666668,100.0,0.0,1007.1167,1008.9152,1003.5692,31.7351976,177.7753698217235,1,0,0,1,Monday,0,3,9,2025,265,73.72935779816514,73.72935779816514,73.72935779816514,73.72935779816514,20.490769354342728,73.72935779816514,2693896.0,0.5216875000000001,
2025-09-23,DKI4,73.72935779816514,107.05422161697248,38.72935779816514,16.646788990825687,50.58256880733945,18.770642201834864,33.202,25.002,28.362417,0.2,1,11.928989,5.0595555,1.1384199,180.0,26.28,12.66,2.52,22.6404,77.166664,90.0,55.0,89.833336,100.0,42.0,1007.24976,1009.81195,1003.97,2.3857978,155.70805687923274,1,0,0,1,Tuesday,1,3,9,2025,266,73.72935779816514,73.72935779816514,73.72935779816514,73.72935779816514,20.490769354342728,73.72935779816514,2693896.0,0.5216875000000001,
2025-09-24,DKI4,73.72935779816514,107.05422161697248,38.72935779816514,16.646788990825687,50.58256880733945,18.770642201834864,34.002,24.702,28.7145,0.9,1,10.799999,3.1866207,0.5091169,180.0,23.759998,8.88,2.8799999,23.9472,71.916664,89.0,46.0,70.75,100.0,11.0,1006.3599,1008.5183,1003.37164,9.7199991,151.1288943219071,1,0,0,1,Wednesday,2,3,9,2025,267,73.72935779816514,73.72935779816514,73.72935779816514,73.72935779816514,20.490769354342728,73.72935779816514,2693896.0,0.5216875000000001,
2025-09-25,DKI4,73.72935779816514,107.05422161697248,38.72935779816514,16.646788990825687,50.58256880733945,18.770642201834864,33.151997,24.552,28.204084,9.5,7,11.792404,3.8667915,1.08,172.87508,25.56,10.634999,3.96,21.8988,73.625,86.0,54.0,68.041664,100.0,21.0,1006.97406,1009.7031,1004.66156,112.02783799999999,161.285499939426,1,0,0,1,Thursday,3,3,9,2025,268,73.72935779816514,73.72935779816514,73.72935779816514,73.72935779816514,20.490769354342728,73.72935779816514,2693896.0,0.5216875000000001,
2025-09-26,DKI4,73.72935779816514,107.05422161697248,38.72935779816514,16.646788990825687,50.58256880733945,18.770642201834864,34.401997,24.502,28.318666,6.7,6,12.324414,4.7885575,1.2979984,180.0,25.56,12.495,2.52,23.9544,74.0,90.0,46.0,62.666668,100.0,13.0,1007.5525,1009.7271,1004.09235,82.5735738,167.80397482074324,1,0,0,1,Friday,4,3,9,2025,269,73.72935779816514,73.72935779816514,73.72935779816514,73.72935779816514,20.490769354342728,73.72935779816514,2693896.0,0.5216875000000001,
2025-09-27,DKI4,73.72935779816514,107.05422161697248,38.72935779816514,16.646788990825687,50.58256880733945,18.770642201834864,33.702,25.652,28.7895,2.2,4,13.18308,5.641655,1.9386592,125.537766,27.0,13.245,3.6,21.7836,73.666664,87.0,50.0,87.666664,100.0,60.0,1007.0795,1009.3362,1004.4864,29.002776000000004,180.22276147675154,1,0,1,0,Saturday,5,3,9,2025,270,73.72935779816514,73.72935779816514,73.72935779816514,73.72935779816514,20.490769354342728,73.72935779816514,2693896.0,0.5216875000000001,
2025-09-28,DKI4,73.72935779816514,107.05422161697248,38.72935779816514,16.646788990825687,50.58256880733945,18.770642201834864,33.601997,25.702,29.085333,0.8,2,16.267857,7.0130806,1.484318,146.3099,37.44,17.295,2.8799999,22.428,72.25,89.0,51.0,73.416664,92.0,43.0,1007.02,1009.4423,1004.0725,13.014285600000001,226.74127828567472,1,0,1,0,Sunday,6,3,9,2025,271,73.72935779816514,73.72935779816514,73.72935779816514,73.72935779816514,20.490769354342728,73.72935779816514,2693896.0,0.5216875000000001,
2025-09-29,DKI4,73.72935779816514,107.05422161697248,38.72935779816514,16.646788990825687,50.58256880733945,18.770642201834864,34.302,25.352,28.231165,18.1,6,12.57426,5.04894,1.484318,106.699326,27.72,13.709999,4.32,19.314,77.458336,90.0,47.0,85.041664,100.0,48.0,1007.7138,1009.62933,1005.3587,227.59410600000004,163.58801364888603,1,0,0,1,Monday,0,3,9,2025,272,73.72935779816514,73.72935779816514,73.72935779816514,73.72935779816514,20.490769354342728,73.72935779816514,2693896.0,0.5216875000000001,
2025-09-30,DKI4,73.72935779816514,107.05422161697248,38.72935779816514,16.646788990825687,50.58256880733945,18.770642201834864,32.952,25.202,27.99575,11.3,8,10.308831,3.4576914,0.5091169,90.0,23.759998,10.5,2.52,19.314,77.125,90.0,53.0,91.416664,100.0,70.0,1007.14233,1008.80255,1005.1797,116.48979030000001,134.6186071042623,1,0,0,1,Tuesday,1,3,9,2025,273,73.72935779816514,73.72935779816514,73.72935779816514,73.72935779816514,20.490769354342728,73.72935779816514,2693896.0,0.5216875000000001,
2025-10-01,DKI4,70.37132352941177,100.2288346010096,37.5,18.547794117647058,55.11764705882353,19.169117647058822,32.452,24.752,27.856165,6.5,8,14.77755,6.021544,0.8049845,243.43501,32.039997,15.089999,2.16,19.6416,78.583336,94.0,57.0,85.0,100.0,48.0,1006.8709,1008.9285,1004.4512,96.054075,189.34147906745775,1,0,0,1,Wednesday,2,4,10,2025,274,73.72935779816514,73.72935779816514,73.72935779816514,73.72935779816514,20.490769354342728,73.72935779816514,2693896.0,0.5216875000000001,
2025-10-02,DKI4,70.37132352941177,100.2288346010096,37.5,18.547794117647058,55.11764705882353,19.169117647058822,29.952,25.502,27.260332,8.6,13,11.792404,4.378334,0.35999998,270.0,28.44,13.305,1.08,13.2552,82.666664,91.0,70.0,96.916664,100.0,57.0,1008.3566,1010.50073,1006.4037,101.4146744,143.84212242151685,1,0,0,1,Thursday,3,4,10,2025,275,73.72935779816514,73.72935779816514,73.72935779816514,73.72935779816514,20.490769354342728,73.72935779816514,2693896.0,0.5216875000000001,
2025-10-03,DKI4,70.37132352941177,100.2288346010096,37.5,18.547794117647058,55.11764705882353,19.169117647058822,33.851997,24.352,28.295748,0.0,0,10.195057,3.7056608,0.5091169,165.96373,20.519999,8.655,2.52,21.4884,73.75,92.0,49.0,83.458336,100.0,0.0,1008.6823,1010.60126,1005.88617,0.0,139.43828533411664,0,0,0,1,Friday,4,4,10,2025,276,73.72935779816514,73.72935779816514,73.72935779816514,73.72935779816514,20.490769354342728,73.72935779816514,2693896.0,0.5216875000000001,
2025-10-04,DKI4,70.37132352941177,100.2288346010096,37.5,18.547794117647058,55.11764705882353,19.169117647058822,34.802,24.302,28.577002,2.9,2,14.044615,4.315651,1.2979984,210.96368,29.519999,10.755,3.2399998,24.174,76.0,93.0,46.0,74.041664,100.0,10.0,1008.7307,1010.5337,1006.19446,40.7293835,186.41097789711185,1,0,1,0,Saturday,5,4,10,2025,277,73.72935779816514,73.72935779816514,73.72935779816514,73.72935779816514,20.490769354342728,73.72935779816514,2693896.0,0.5216875000000001,
2025-10-05,DKI4,70.37132352941177,100.2288346010096,37.5,18.547794117647058,55.11764705882353,19.169117647058822,32.802,25.602,28.024918,7.8999996,6,12.10157,5.036762,1.0182338,180.0,26.64,12.405,3.96,19.3932,78.666664,91.0,57.0,91.75,100.0,42.0,1008.89996,1010.4019,1006.5498,95.602398159372,155.2026343577656,1,0,1,0,Sunday,6,4,10,2025,278,73.72935779816514,73.72935779816514,73.72935779816514,73.72935779816514,20.490769354342728,73.72935779816514,2693896.0,0.5216875000000001,
2025-10-06,DKI4,70.37132352941177,100.2288346010096,37.5,18.547794117647058,55.11764705882353,19.169117647058822,33.502,25.202,28.641584,0.3,1,15.990646,5.9908996,0.71999997,146.3099,37.8,14.294999,3.2399998,21.7008,72.875,90.0,51.0,94.916664,100.0,39.0,1008.5943,1010.61176,1005.97266,4.7971938,221.31148417039861,1,0,0,1,Monday,0,4,10,2025,279,73.72935779816514,73.72935779816514,73.72935779816514,73.72935779816514,20.490769354342728,73.72935779816514,2693896.0,0.5216875000000001,
2025-10-07,DKI4,70.37132352941177,100.2288346010096,37.5,18.547794117647058,55.11764705882353,19.169117647058822,33.101997,25.002,27.69575,11.8,10,10.829958,4.575268,1.1384199,224.9999,28.8,16.215,5.04,21.3984,79.875,93.0,55.0,71.916664,100.0,36.0,1009.7774,1011.89087,1007.6475,127.7935044,136.91201040812768,1,0,0,1,Tuesday,1,4,10,2025,280,73.72935779816514,73.72935779816514,73.72935779816514,73.72935779816514,20.490769354342728,73.72935779816514,2693896.0,0.5216875000000001,
2025-10-08,DKI4,70.37132352941177,100.2288346010096,37.5,18.547794117647058,55.11764705882353,19.169117647058822,33.202,24.352,27.941584,12.8,6,9.793058,4.1591206,1.2979984,243.43501,21.96,10.155,2.8799999,24.264,78.25,95.0,53.0,58.125,100.0,24.0,1008.5874,1011.10944,1005.15924,125.35114240000001,126.2256218053572,1,0,0,1,Wednesday,2,4,10,2025,281,73.72935779816514,73.72935779816514,73.72935779816514,73.72935779816514,20.490769354342728,73.72935779816514,2693896.0,0.5216875000000001,
2025-10-09,DKI4,70.37132352941177,100.2288346010096,37.5,18.547794117647058,55.11764705882353,19.169117647058822,33.601997,24.852,28.229082,0.90000004,1,13.450708,4.821713,1.609969,135.0001,28.44,11.804999,3.2399998,24.6996,73.75,91.0,49.0,38.125,100.0,0.0,1007.7885,1009.60016,1005.1677,12.10563773802832,183.8029673119729,1,0,0,1,Thursday,3,4,10,2025,282,73.72935779816514,73.72935779816514,73.72935779816514,73.72935779816514,20.490769354342728,73.72935779816514,2693896.0,0.5216875000000001,
2025-10-10,DKI4,70.37132352941177,100.2288346010096,37.5,18.547794117647058,55.11764705882353,19.169117647058822,33.702,24.352,28.1645,1.0,3,13.910169,4.933455,1.4399999,180.0,28.8,12.555,3.2399998,24.6924,71.958336,87.0,47.0,55.416668,100.0,0.0,1007.5967,1009.7144,1004.7639,13.910169,194.7771607842947,1,0,0,1,Friday,4,4,10,2025,283,73.72935779816514,73.72935779816514,73.72935779816514,73.72935779816514,20.490769354342728,73.72935779816514,2693896.0,0.5216875000000001,
2025-10-11,DKI4,70.37132352941177,100.2288346010096,37.5,18.547794117647058,55.11764705882353,19.169117647058822,33.202,25.352,28.595749,0.90000004,2,10.739833,5.446591,1.8,135.0001,24.48,14.07,3.96,23.7528,71.541664,86.0,48.0,64.833336,100.0,18.0,1007.2188,1009.6334,1004.26624,9.66585012959332,151.20366373446947,1,0,1,0,Saturday,5,4,10,2025,284,73.72935779816514,73.72935779816514,73.72935779816514,73.72935779816514,20.490769354342728,73.72935779816514,2693896.0,0.5216875000000001,
2025-10-12,DKI4,70.37132352941177,100.2288346010096,37.5,18.547794117647058,55.11764705882353,19.169117647058822,34.002,25.002,28.893667,1.3,2,13.53236,4.9960713,0.8049845,218.65984,32.760002,12.93,2.52,23.9652,71.666664,88.0,47.0,53.0,100.0,0.0,1006.57367,1008.64075,1003.96625,17.592068,190.0648991972223,1,0,1,0,Sunday,6,4,10,2025,285,73.72935779816514,73.72935779816514,73.72935779816514,73.72935779816514,20.490769354342728,73.72935779816514,2693896.0,0.5216875000000001,
2025-10-13,DKI4,70.37132352941177,100.2288346010096,37.5,18.547794117647058,55.11764705882353,19.169117647058822,33.601997,25.752,28.597834,9.8,10,12.738099,4.673057,1.0182338,8.426887,33.839996,18.675,2.8799999,21.3336,78.0,90.0,57.0,85.791664,100.0,54.0,1006.5708,1008.64014,1003.8696,124.8333702,164.38203206293844,1,0,0,1,Monday,0,4,10,2025,286,73.72935779816514,73.72935779816514,73.72935779816514,73.72935779816514,20.490769354342728,73.72935779816514,2693896.0,0.5216875000000001,
2025-10-14,DKI4,70.37132352941177,100.2288346010096,37.5,18.547794117647058,55.11764705882353,19.169117647058822,34.101997,25.552,29.0395,2.4,4,13.044722,4.5918083,0.0,108.43504,34.2,13.845,1.4399999,22.2336,76.333336,93.0,51.0,80.166664,100.0,42.0,1005.2373,1007.3405,1002.7782,31.307332799999998,171.78655892270447,1,0,0,1,Tuesday,1,4,10,2025,287,73.72935779816514,73.72935779816514,73.72935779816514,73.72935779816514,20.490769354342728,73.72935779816514,2693896.0,0.5216875000000001,
2025-10-15,DKI4,70.37132352941177,100.2288346010096,37.5,18.547794117647058,55.11764705882353,19.169117647058822,33.151997,26.602,29.247833,1.4,2,14.021525,6.0437083,1.8,149.03632,35.64,19.875,4.32,21.9564,75.041664,89.0,58.0,66.625,86.0,39.0,1003.91,1006.2469,1001.0893,19.630135,187.58045081129865,1,0,0,1,Wednesday,2,4,10,2025,288,73.72935779816514,73.72935779816514,73.72935779816514,73.72935779816514,20.490769354342728,73.72935779816514,2693896.0,0.5216875000000001,
2025-10-16,DKI4,70.37132352941177,100.2288346010096,37.5,18.547794117647058,55.11764705882353,19.169117647058822,34.952,26.302,28.806168,7.3,8,15.379206,4.7867007,1.08,18.435053,36.0,17.715,2.52,19.8612,78.5,91.0,50.0,91.375,100.0,54.0,1003.835,1005.73157,1000.9768,112.2682038,196.66478031859873,1,0,0,1,Thursday,3,4,10,2025,289,73.72935779816514,73.72935779816514,73.72935779816514,73.72935779816514,20.490769354342728,73.72935779816514,2693896.0,0.5216875000000001,
2025-10-17,DKI4,70.37132352941177,100.2288346010096,37.5,18.547794117647058,55.11764705882353,19.169117647058822,34.952,25.802,29.054083,11.099999,8,14.77755,4.5388494,0.0,224.9999,30.960001,13.29,1.08,21.906,76.208336,94.0,49.0,84.291664,100.0,37.0,1004.7016,1006.81885,1001.88544,164.03079022245,194.82157606852877,1,0,0,1,Friday,4,4,10,2025,290,73.72935779816514,73.72935779816514,73.72935779816514,73.72935779816514,20.490769354342728,73.72935779816514,2693896.0,0.5216875000000001,
2025-10-18,DKI4,70.37132352941177,100.2288346010096,37.5,18.547794117647058,55.11764705882353,19.169117647058822,33.851997,25.702,28.741583,3.7,7,10.853866,4.055821,1.5273507,135.0001,24.84,11.595,4.68,21.9384,76.333336,90.0,50.0,75.083336,100.0,5.0,1004.1709,1006.43243,1001.47186,40.1593042,142.7834411651994,1,0,1,0,Saturday,5,4,10,2025,291,73.72935779816514,73.72935779816514,73.72935779816514,73.72935779816514,20.490769354342728,73.72935779816514,2693896.0,0.5216875000000001,
2025-10-19,DKI4,70.37132352941177,100.2288346010096,37.5,18.547794117647058,55.11764705882353,19.169117647058822,32.452,25.502,28.68325,0.9,2,10.483357,5.062883,1.2979984,11.76827,25.919998,13.709999,2.8799999,21.4056,77.25,93.0,60.0,65.291664,94.0,30.0,1003.1941,1005.2369,1000.6849,9.4350213,136.1403480983003,1,0,1,0,Sunday,6,4,10,2025,292,73.72935779816514,73.72935779816514,73.72935779816514,73.72935779816514,20.490769354342728,73.72935779816514,2693896.0,0.5216875000000001,
2025-10-20,DKI4,70.37132352941177,100.2288346010096,37.5,18.547794117647058,55.11764705882353,19.169117647058822,33.552,25.802,29.00825,0.7,0,10.1376915,4.179935,1.08,180.0,22.319998,11.084999,2.16,21.0996,72.791664,88.0,52.0,89.458336,100.0,49.0,1003.56696,1005.72095,1000.7856,7.09638405,139.7667216409951,1,0,0,1,Monday,0,4,10,2025,293,73.72935779816514,73.72935779816514,73.72935779816514,73.72935779816514,20.490769354342728,73.72935779816514,2693896.0,0.5216875000000001,
2025-10-21,DKI4,70.37132352941177,100.2288346010096,37.5,18.547794117647058,55.11764705882353,19.169117647058822,34.651997,25.602,28.860334,12.2,6,13.70839,4.269875,0.5091169,180.0,30.239998,11.04,3.6,19.2204,75.916664,89.0,48.0,97.583336,100.0,56.0,1004.90326,1007.0268,1002.47876,167.242358,181.45694337084413,1,0,0,1,Tuesday,1,4,10,2025,294,73.72935779816514,73.72935779816514,73.72935779816514,73.72935779816514,20.490769354342728,73.72935779816514,2693896.0,0.5216875000000001,
2025-10-22,DKI4,70.37132352941177,100.2288346010096,37.5,18.547794117647058,55.11764705882353,19.169117647058822,33.601997,25.602,28.581167,6.7,7,12.849528,5.8180394,0.35999998,258.6901,28.08,14.04,1.8,18.9576,78.458336,92.0,54.0,96.875,100.0,88.0,1005.6442,1007.9128,1003.07544,86.0918376,164.69955857765834,1,0,0,1,Wednesday,2,4,10,2025,295,73.72935779816514,73.72935779816514,73.72935779816514,73.72935779816514,20.490769354342728,73.72935779816514,2693896.0,0.5216875000000001,
2025-10-23,DKI4,70.37132352941177,100.2288346010096,37.5,18.547794117647058,55.11764705882353,19.169117647058822,31.302,24.952,27.52075,1.9000001,3,14.685176,7.1969094,0.0,255.06853,29.519999,15.915,4.32,14.8392,80.958336,95.0,63.0,97.75,100.0,90.0,1006.2695,1007.80743,1004.3518,27.9018358685176,182.52900740118966,1,0,0,1,Thursday,3,4,10,2025,296,73.72935779816514,73.72935779816514,73.72935779816514,73.72935779816514,20.490769354342728,73.72935779816514,2693896.0,0.5216875000000001,
2025-10-24,DKI4,70.37132352941177,100.2288346010096,37.5,18.547794117647058,55.11764705882353,19.169117647058822,32.151997,24.802,27.879084,2.0,5,12.599998,7.3858285,2.9024127,270.0,29.16,15.84,5.7599998,17.2764,77.541664,89.0,61.0,95.791664,100.0,77.0,1006.0568,1008.6984,1003.86865,25.199996,163.4774521718595,1,0,0,1,Friday,4,4,10,2025,297,73.72935779816514,73.72935779816514,73.72935779816514,73.72935779816514,20.490769354342728,73.72935779816514,2693896.0,0.5216875000000001,
2025-10-25,DKI4,70.37132352941177,100.2288346010096,37.5,18.547794117647058,55.11764705882353,19.169117647058822,32.752,24.552,27.82075,0.6,1,9.422101,5.621137,2.5455842,233.13002,23.4,12.134999,4.68,15.318,75.291664,89.0,56.0,98.416664,100.0,91.0,1006.30963,1007.7172,1003.77246,5.653260599999999,125.93095261027341,1,0,1,0,Saturday,5,4,10,2025,298,73.72935779816514,73.72935779816514,73.72935779816514,73.72935779816514,20.490769354342728,73.72935779816514,2693896.0,0.5216875000000001,
2025-10-26,DKI4,70.37132352941177,100.2288346010096,37.5,18.547794117647058,55.11764705882353,19.169117647058822,33.002,24.952,28.091583,2.3000002,4,12.397806,4.240474,0.8049845,180.0,23.039999,9.285,4.32,20.1888,75.375,93.0,51.0,99.875,100.0,97.0,1006.7569,1008.7183,1004.9526,28.514956279561197,165.59305784890745,1,0,1,0,Sunday,6,4,10,2025,299,73.72935779816514,73.72935779816514,73.72935779816514,73.72935779816514,20.490769354342728,73.72935779816514,2693896.0,0.5216875000000001,
2025-10-27,DKI4,70.37132352941177,100.2288346010096,37.5,18.547794117647058,55.11764705882353,19.169117647058822,32.601997,24.402,27.641584,14.3,8,14.529915,5.204812,2.0364676,224.9999,26.28,10.71,4.32,19.6632,80.625,94.0,57.0,95.916664,100.0,73.0,1007.2801,1008.91174,1004.74817,207.77778450000002,181.5279905016,1,0,0,1,Monday,0,4,10,2025,300,73.72935779816514,73.72935779816514,73.72935779816514,73.72935779816514,20.490769354342728,73.72935779816514,2693896.0,0.5216875000000001,
2025-10-28,DKI4,70.37132352941177,100.2288346010096,37.5,18.547794117647058,55.11764705882353,19.169117647058822,31.302,25.552,27.456167,6.0,7,7.628263,4.284863,1.484318,216.86998,20.519999,9.66,2.8799999,15.4692,82.125,92.0,67.0,100.0,100.0,100.0,1007.7478,1009.61755,1006.0326,45.769577999999996,93.6056652185254,1,0,0,1,Tuesday,1,4,10,2025,301,73.72935779816514,73.72935779816514,73.72935779816514,73.72935779816514,20.490769354342728,73.72935779816514,2693896.0,0.5216875000000001,
2025-10-29,DKI4,70.37132352941177,100.2288346010096,37.5,18.547794117647058,55.11764705882353,19.169117647058822,32.351997,24.702,28.197832,3.0,3,5.315336,2.6888978,1.0182338,135.0001,16.56,7.77,2.16,21.8268,74.375,89.0,54.0,93.166664,100.0,70.0,1007.60956,1009.62897,1004.9693,15.946008,72.01053268184417,1,0,0,1,Wednesday,2,4,10,2025,302,73.72935779816514,73.72935779816514,73.72935779816514,73.72935779816514,20.490769354342728,73.72935779816514,2693896.0,0.5216875000000001,
2025-10-30,DKI4,70.37132352941177,100.2288346010096,37.5,18.547794117647058,55.11764705882353,19.169117647058822,33.002,25.902,28.177,11.0,5,8.404285,3.9445925,1.484318,215.53777,16.919998,8.265,3.96,18.9252,80.5,95.0,56.0,98.583336,100.0,81.0,1007.43085,1009.2257,1004.8708,92.447135,105.17684448686023,1,0,0,1,Thursday,3,4,10,2025,303,73.72935779816514,73.72935779816514,73.72935779816514,73.72935779816514,20.490769354342728,73.72935779816514,2693896.0,0.5216875000000001,
2025-10-31,DKI4,70.37132352941177,100.2288346010096,37.5,18.547794117647058,55.11764705882353,19.169117647058822,33.002,25.252,27.993668,13.6,8,10.948973,4.2721295,0.71999997,180.0,21.599998,9.974999,3.6,21.0492,79.916664,95.0,58.0,78.208336,100.0,36.0,1008.2598,1010.11707,1005.95435,148.9060328,138.13651339582196,1,0,0,1,Friday,4,4,10,2025,304,73.72935779816514,73.72935779816514,73.72935779816514,73.72935779816514,20.490769354342728,73.72935779816514,2693896.0,0.5216875000000001,
2025-11-01,DKI4,55.75735294117647,83.62959833706127,35.6985294117647,18.452205882352942,53.481617647058826,18.13235294117647,33.702,24.802,27.993668,6.5,5,11.966953,4.757506,1.2979984,243.43501,23.4,11.535,3.2399998,20.412,78.625,93.0,53.0,77.833336,100.0,10.0,1007.8942,1009.81757,1005.28674,77.7851945,153.40441997294243,1,0,1,0,Saturday,5,4,11,2025,305,73.72935779816514,73.72935779816514,73.72935779816514,73.72935779816514,20.490769354342728,73.72935779816514,2693896.0,0.5216875000000001,
2025-11-02,DKI4,55.75735294117647,83.62959833706127,35.6985294117647,18.452205882352942,53.481617647058826,18.13235294117647,33.752,25.302,28.389502,15.599999,9,15.683776,4.647246,0.5091169,224.9999,29.88,11.415,1.08,21.3732,76.958336,89.0,54.0,92.916664,100.0,36.0,1007.59076,1009.5194,1005.4619,244.666889916224,205.34263863903917,1,0,1,0,Sunday,6,4,11,2025,306,73.72935779816514,73.72935779816514,73.72935779816514,73.72935779816514,20.490769354342728,73.72935779816514,2693896.0,0.5216875000000001,
2025-11-03,DKI4,55.75735294117647,83.62959833706127,35.6985294117647,18.452205882352942,53.481617647058826,18.13235294117647,33.901997,25.152,28.5395,7.8,6,12.43434,5.215661,1.1384199,201.80147,28.44,12.45,3.6,22.0428,76.75,90.0,52.0,97.0,100.0,56.0,1007.10187,1009.1196,1004.3547,96.987852,163.161525292714,1,0,0,1,Monday,0,4,11,2025,307,73.72935779816514,73.72935779816514,73.72935779816514,73.72935779816514,20.490769354342728,73.72935779816514,2693896.0,0.5216875000000001,
2025-11-04,DKI4,55.75735294117647,83.62959833706127,35.6985294117647,18.452205882352942,53.481617647058826,18.13235294117647,34.101997,25.002,29.216583,0.6,1,13.979871,5.1933575,1.08,180.0,28.44,12.03,2.8799999,23.4036,72.041664,94.0,47.0,90.875,100.0,46.0,1006.38153,1008.6411,1003.2877,8.3879226,195.2909356200133,1,0,0,1,Tuesday,1,4,11,2025,308,73.72935779816514,73.72935779816514,73.72935779816514,73.72935779816514,20.490769354342728,73.72935779816514,2693896.0,0.5216875000000001,
2025-11-05,DKI4,55.75735294117647,83.62959833706127,35.6985294117647,18.452205882352942,53.481617647058826,18.13235294117647,32.101997,25.852,28.066584,0.1,0,20.523157,9.2248955,2.0991426,243.43501,41.399998,19.92,4.32,16.5024,71.708336,87.0,58.0,95.875,100.0,67.0,1006.1751,1008.23596,1003.6648,2.0523157000000003,287.9705582178159,1,0,0,1,Wednesday,2,4,11,2025,309,73.72935779816514,73.72935779816514,73.72935779816514,73.72935779816514,20.490769354342728,73.72935779816514,2693896.0,0.5216875000000001,
2025-11-06,DKI4,55.75735294117647,83.62959833706127,35.6985294117647,18.452205882352942,53.481617647058826,18.13235294117647,31.702,25.302,27.929083,0.0,0,22.380884,11.58546,4.1046314,251.56496,43.56,23.76,7.92,19.8108,73.041664,84.0,58.0,85.333336,100.0,43.0,1005.9494,1007.80743,1003.66016,0.0,308.2355411737279,0,0,0,1,Thursday,3,4,11,2025,310,73.72935779816514,73.72935779816514,73.72935779816514,73.72935779816514,20.490769354342728,73.72935779816514,2693896.0,0.5216875000000001,
2025-11-07,DKI4,55.75735294117647,83.62959833706127,35.6985294117647,18.452205882352942,53.481617647058826,18.13235294117647,33.052,24.952,28.07075,1.1,2,18.03237,9.826243,2.8116899,224.9999,36.719997,20.775,5.3999996,19.9908,75.125,88.0,54.0,89.125,100.0,69.0,1005.76373,1007.5257,1003.36975,19.835607000000003,241.4150244517817,1,0,0,1,Friday,4,4,11,2025,311,73.72935779816514,73.72935779816514,73.72935779816514,73.72935779816514,20.490769354342728,73.72935779816514,2693896.0,0.5216875000000001,
2025-11-08,DKI4,55.75735294117647,83.62959833706127,35.6985294117647,18.452205882352942,53.481617647058826,18.13235294117647,30.152,25.152,27.097834,3.0,6,21.41319,11.564018,4.5536795,266.6336,52.92,27.765,10.08,16.344,80.166664,90.0,66.0,94.083336,100.0,61.0,1007.0505,1008.5952,1005.64105,64.23957,268.9916558844834,1,0,1,0,Saturday,5,4,11,2025,312,73.72935779816514,73.72935779816514,73.72935779816514,73.72935779816514,20.490769354342728,73.72935779816514,2693896.0,0.5216875000000001,
2025-11-09,DKI4,55.75735294117647,83.62959833706127,35.6985294117647,18.452205882352942,53.481617647058826,18.13235294117647,32.151997,24.352,27.712418,0.90000004,2,16.263872,7.687041,2.0364676,243.43501,37.44,18.615,4.32,18.486,74.958336,88.0,55.0,99.541664,100.0,92.0,1006.292,1008.14764,1003.97,14.637485450554879,218.33734786513935,1,0,1,0,Sunday,6,4,11,2025,313,73.72935779816514,73.72935779816514,73.72935779816514,73.72935779816514,20.490769354342728,73.72935779816514,2693896.0,0.5216875000000001,
2025-11-10,DKI4,55.75735294117647,83.62959833706127,35.6985294117647,18.452205882352942,53.481617647058826,18.13235294117647,32.702,24.802,27.949915,0.0,0,17.698677,8.802793,3.5455887,257.27563,40.32,20.85,7.5599995,22.6224,74.083336,87.0,54.0,78.833336,100.0,7.0,1005.89136,1007.6437,1003.65753,0.0,240.30972738229173,0,0,0,1,Monday,0,4,11,2025,314,73.72935779816514,73.72935779816514,73.72935779816514,73.72935779816514,20.490769354342728,73.72935779816514,2693896.0,0.5216875000000001,
2025-11-11,DKI4,55.75735294117647,83.62959833706127,35.6985294117647,18.452205882352942,53.481617647058826,18.13235294117647,30.552,24.952,27.220749,2.2,5,16.676977,8.87312,3.0547013,249.44386,41.039997,21.915,6.4799995,16.56,75.791664,83.0,66.0,95.416664,100.0,66.0,1006.4992,1008.69684,1004.7459,36.689349400000005,221.46715249474403,1,0,0,1,Tuesday,1,4,11,2025,315,73.72935779816514,73.72935779816514,73.72935779816514,73.72935779816514,20.490769354342728,73.72935779816514,2693896.0,0.5216875000000001,
2025-11-12,DKI4,55.75735294117647,83.62959833706127,35.6985294117647,18.452205882352942,53.481617647058826,18.13235294117647,31.602,24.352,26.452002,1.6999999,2,15.827721,10.25644,5.7599998,254.47583,36.36,23.835,13.679999,11.79,81.416664,91.0,61.0,98.708336,100.0,90.0,1007.26416,1009.29315,1005.04346,26.907124117227898,195.81613043957879,1,0,0,1,Wednesday,2,4,11,2025,316,73.72935779816514,73.72935779816514,73.72935779816514,73.72935779816514,20.490769354342728,73.72935779816514,2693896.0,0.5216875000000001,
2025-11-13,DKI4,55.75735294117647,83.62959833706127,35.6985294117647,18.452205882352942,53.481617647058826,18.13235294117647,30.602,24.502,26.968666,0.70000005,2,16.520823,9.114248,3.8773184,266.186,39.6,21.99,9.36,17.3952,77.458336,89.0,62.0,91.458336,100.0,48.0,1007.2195,1008.92413,1005.04846,11.56457692604115,214.82639494926022,1,0,0,1,Thursday,3,4,11,2025,317,73.72935779816514,73.72935779816514,73.72935779816514,73.72935779816514,20.490769354342728,73.72935779816514,2693896.0,0.5216875000000001,
2025-11-14,DKI4,55.75735294117647,83.62959833706127,35.6985294117647,18.452205882352942,53.481617647058826,18.13235294117647,29.952,24.402,26.564499,0.3,1,16.24394,9.141517,4.379589,270.0,41.760002,21.225,10.799999,15.5268,79.958336,89.0,65.0,83.875,100.0,48.0,1006.17694,1008.09265,1003.74664,4.873181999999999,204.4099297256961,1,0,0,1,Friday,4,4,11,2025,318,73.72935779816514,73.72935779816514,73.72935779816514,73.72935779816514,20.490769354342728,73.72935779816514,2693896.0,0.5216875000000001,
2025-11-15,DKI4,55.75735294117647,83.62959833706127,35.6985294117647,18.452205882352942,53.481617647058826,18.13235294117647,31.902,24.002,27.362417,5.4,6,11.753877,6.026633,1.1384199,257.00537,33.12,16.035,3.96,18.5832,78.416664,87.0,62.0,93.208336,100.0,49.0,1006.20135,1008.20624,1004.3562,63.4709358,150.81956183616722,1,0,1,0,Saturday,5,4,11,2025,319,73.72935779816514,73.72935779816514,73.72935779816514,73.72935779816514,20.490769354342728,73.72935779816514,2693896.0,0.5216875000000001,
2025-11-16,DKI4,55.75735294117647,83.62959833706127,35.6985294117647,18.452205882352942,53.481617647058826,18.13235294117647,32.452,24.952,28.045752,0.0,0,18.775301,9.989529,4.6938252,270.0,40.68,22.74,10.440001,20.43,75.75,90.0,56.0,99.916664,100.0,99.0,1006.47394,1008.40283,1003.5711,0.0,249.46338181063945,0,0,1,0,Sunday,6,4,11,2025,320,73.72935779816514,73.72935779816514,73.72935779816514,73.72935779816514,20.490769354342728,73.72935779816514,2693896.0,0.5216875000000001,
2025-11-17,DKI4,55.75735294117647,83.62959833706127,35.6985294117647,18.452205882352942,53.481617647058826,18.13235294117647,32.702,24.652,28.122833,0.1,0,17.227419,9.065055,2.9024127,255.96373,37.079998,20.939999,5.7599998,20.6244,73.0,84.0,56.0,93.208336,100.0,48.0,1006.30853,1008.1378,1003.573,1.7227419000000002,237.4808039669051,1,0,0,1,Monday,0,4,11,2025,321,73.72935779816514,73.72935779816514,73.72935779816514,73.72935779816514,20.490769354342728,73.72935779816514,2693896.0,0.5216875000000001,
2025-11-18,DKI4,55.75735294117647,83.62959833706127,35.6985294117647,18.452205882352942,53.481617647058826,18.13235294117647,31.852,24.302,27.006166,8.8,6,12.24,4.66734,1.4399999,180.0,27.72,13.514999,3.2399998,16.8804,81.208336,90.0,62.0,75.458336,100.0,39.0,1005.58716,1007.42566,1003.5371,107.71200000000002,151.56555896429157,1,0,0,1,Tuesday,1,4,11,2025,322,73.72935779816514,73.72935779816514,73.72935779816514,73.72935779816514,20.490769354342728,73.72935779816514,2693896.0,0.5216875000000001,
2025-11-19,DKI4,55.75735294117647,83.62959833706127,35.6985294117647,18.452205882352942,53.481617647058826,18.13235294117647,31.802,23.952,26.991583,11.0,6,12.387348,5.535332,0.8049845,141.34016,32.039997,14.399999,1.4399999,17.8596,83.291664,96.0,62.0,90.458336,100.0,44.0,1005.4665,1007.31714,1003.061,136.260828,149.53553380614417,1,0,0,1,Wednesday,2,4,11,2025,323,73.72935779816514,73.72935779816514,73.72935779816514,73.72935779816514,20.490769354342728,73.72935779816514,2693896.0,0.5216875000000001,
2025-11-20,DKI4,55.75735294117647,83.62959833706127,35.6985294117647,18.452205882352942,53.481617647058826,18.13235294117647,28.852,24.402,26.224916,13.7,10,14.332341,7.809328,1.609969,279.46225,33.839996,18.81,3.96,10.5552,87.416664,94.0,79.0,99.333336,100.0,84.0,1006.01984,1007.7929,1003.9325,196.3530717,164.94131370244742,1,0,0,1,Thursday,3,4,11,2025,324,73.72935779816514,73.72935779816514,73.72935779816514,73.72935779816514,20.490769354342728,73.72935779816514,2693896.0,0.5216875000000001,
2025-11-21,DKI4,55.75735294117647,83.62959833706127,35.6985294117647,18.452205882352942,53.481617647058826,18.13235294117647,32.252,24.052,27.427,0.6,2,12.661564,8.698895,5.0528407,244.2901,29.88,19.769999,11.5199995,19.9332,78.708336,93.0,58.0,92.291664,100.0,55.0,1005.9651,1007.74786,1003.6673,7.5969384,161.82646137273693,1,0,0,1,Friday,4,4,11,2025,325,73.72935779816514,73.72935779816514,73.72935779816514,73.72935779816514,20.490769354342728,73.72935779816514,2693896.0,0.5216875000000001,
2025-11-22,DKI4,55.75735294117647,83.62959833706127,35.6985294117647,18.452205882352942,53.481617647058826,18.13235294117647,33.052,24.402,27.88325,2.0,4,10.137692,3.2456293,0.5091169,180.0,23.039999,8.655,1.4399999,19.9476,76.041664,90.0,49.0,88.083336,100.0,54.0,1005.4295,1007.238,1003.0637,20.275384,134.04144599878825,1,0,1,0,Saturday,5,4,11,2025,326,73.72935779816514,73.72935779816514,73.72935779816514,73.72935779816514,20.490769354342728,73.72935779816514,2693896.0,0.5216875000000001,
2025-11-23,DKI4,55.75735294117647,83.62959833706127,35.6985294117647,18.452205882352942,53.481617647058826,18.13235294117647,30.952,25.352,27.516584,3.3,3,11.966953,6.0940766,1.8,263.6599,25.56,14.1449995,3.6,14.9652,80.083336,92.0,66.0,99.75,100.0,94.0,1005.25995,1006.8293,1003.35284,39.490944899999995,150.21725087017293,1,0,1,0,Sunday,6,4,11,2025,327,73.72935779816514,73.72935779816514,73.72935779816514,73.72935779816514,20.490769354342728,73.72935779816514,2693896.0,0.5216875000000001,
2025-11-24,DKI4,55.75735294117647,83.62959833706127,35.6985294117647,18.452205882352942,53.481617647058826,18.13235294117647,34.052,24.602,28.420748,0.0,0,19.13426,8.115193,2.7416782,251.56496,37.8,17.58,5.3999996,21.8808,68.375,85.0,48.0,74.625,100.0,37.0,1004.8115,1006.73846,1002.29443,0.0,281.1893892795613,0,0,0,1,Monday,0,4,11,2025,328,73.72935779816514,73.72935779816514,73.72935779816514,73.72935779816514,20.490769354342728,73.72935779816514,2693896.0,0.5216875000000001,
2025-11-25,DKI4,55.75735294117647,83.62959833706127,35.6985294117647,18.452205882352942,53.481617647058826,18.13235294117647,33.901997,23.802,28.4895,0.0,0,14.118243,6.950474,2.7416782,240.2552,27.72,14.774999,5.04,22.7484,66.291664,85.0,46.0,96.083336,100.0,69.0,1004.2305,1005.92566,1001.5992,0.0,213.8725953086877,0,0,0,1,Tuesday,1,4,11,2025,329,73.72935779816514,73.72935779816514,73.72935779816514,73.72935779816514,20.490769354342728,73.72935779816514,2693896.0,0.5216875000000001,
2025-11-26,DKI4,55.75735294117647,83.62959833706127,35.6985294117647,18.452205882352942,53.481617647058826,18.13235294117647,33.302,24.302,28.27075,0.1,0,16.24394,7.1685615,2.8116899,230.19447,32.399998,15.329999,5.3999996,23.328,70.958336,86.0,47.0,80.666664,100.0,12.0,1004.4155,1006.6075,1001.978,1.624394,229.93302882793074,1,0,0,1,Wednesday,2,4,11,2025,330,73.72935779816514,73.72935779816514,73.72935779816514,73.72935779816514,20.490769354342728,73.72935779816514,2693896.0,0.5216875000000001,
2025-11-27,DKI4,55.75735294117647,83.62959833706127,35.6985294117647,18.452205882352942,53.481617647058826,18.13235294117647,32.552,24.852,28.174917,0.3,0,10.685391,4.0696783,1.2979984,213.6901,23.4,9.749999,2.52,17.9424,74.958336,90.0,55.0,80.208336,100.0,4.0,1005.5488,1007.44086,1003.46423,3.2056172999999997,143.34205734744162,1,0,0,1,Thursday,3,4,11,2025,331,73.72935779816514,73.72935779816514,73.72935779816514,73.72935779816514,20.490769354342728,73.72935779816514,2693896.0,0.5216875000000001,
2025-11-28,DKI4,55.75735294117647,83.62959833706127,35.6985294117647,18.452205882352942,53.481617647058826,18.13235294117647,32.952,24.302,28.156166,4.8,4,11.165805,3.6682107,0.5091169,224.9999,24.119999,9.884999,3.2399998,19.0908,74.833336,89.0,54.0,94.166664,100.0,30.0,1005.6733,1007.3405,1003.94763,53.595864,150.05547743463555,1,0,0,1,Friday,4,4,11,2025,332,73.72935779816514,73.72935779816514,73.72935779816514,73.72935779816514,20.490769354342728,73.72935779816514,2693896.0,0.5216875000000001,
2025-11-29,DKI4,55.75735294117647,83.62959833706127,35.6985294117647,18.452205882352942,53.481617647058826,18.13235294117647,33.452,24.902,28.693666,5.1000004,4,9.422101,4.429111,2.2768397,206.56499,21.24,10.919999,4.68,20.1348,70.208336,83.0,47.0,99.166664,100.0,80.0,1006.2268,1007.8381,1003.8835,48.052718868840394,135.03767613160352,1,0,1,0,Saturday,5,4,11,2025,333,73.72935779816514,73.72935779816514,73.72935779816514,73.72935779816514,20.490769354342728,73.72935779816514,2693896.0,0.5216875000000001,
2025-11-30,DKI4,55.75735294117647,83.62959833706127,35.6985294117647,18.452205882352942,53.481617647058826,18.13235294117647,32.651997,25.602,28.235334,10.2,12,10.495713,4.568834,0.8049845,158.19853,23.759998,11.505,2.8799999,16.8048,75.375,87.0,58.0,99.291664,100.0,83.0,1007.5727,1010.0015,1005.659,107.0562726,140.30107974573932,1,0,1,0,Sunday,6,4,11,2025,334,73.72935779816514,73.72935779816514,73.72935779816514,73.72935779816514,20.490769354342728,73.72935779816514,2693896.0,0.5216875000000001,
2025-09-01,DKI5,55.7434554973822,91.49093893560439,28.209424083769633,19.335078534031414,67.46073298429319,14.37696335078534,32.955997,24.356,27.995583,0.9,3,14.336861,6.213839,1.9386592,144.46223,30.239998,13.905,3.6,21.2616,74.083336,91.0,50.0,40.208332,100.0,0.0,1008.2181,1009.94885,1005.7698,12.903174900000002,195.11382097296618,1,0,0,1,Monday,0,3,9,2025,244,55.7434554973822,55.7434554973822,55.7434554973822,55.7434554973822,19.352840684553964,55.7434554973822,2395130.0,0.35980625,
2025-09-02,DKI5,55.7434554973822,91.49093893560439,28.209424083769633,19.335078534031414,67.46073298429319,14.37696335078534,33.656,24.856,28.3935,0.0,0,17.727943,7.727409,1.8,123.690094,35.28,16.859999,3.96,21.3624,68.541664,86.0,45.0,37.5,100.0,0.0,1008.5693,1010.5551,1005.7775,0.0,260.8611757944759,0,0,0,1,Tuesday,1,3,9,2025,245,55.7434554973822,55.7434554973822,55.7434554973822,55.7434554973822,19.352840684553964,55.7434554973822,2395130.0,0.35980625,
2025-09-03,DKI5,55.7434554973822,91.49093893560439,28.209424083769633,19.335078534031414,67.46073298429319,14.37696335078534,35.306,24.156,28.558083,0.0,0,21.900904,8.613396,1.835647,161.56496,43.92,18.644999,3.2399998,23.6808,66.958336,86.0,37.0,37.5,97.0,0.0,1009.06085,1011.15607,1006.5751,0.0,330.04620673381726,0,0,0,1,Wednesday,2,3,9,2025,246,55.7434554973822,55.7434554973822,55.7434554973822,55.7434554973822,19.352840684553964,55.7434554973822,2395130.0,0.35980625,
2025-09-04,DKI5,55.7434554973822,91.49093893560439,28.209424083769633,19.335078534031414,67.46073298429319,14.37696335078534,34.005997,24.306,28.470583,0.0,0,16.58346,6.6192055,0.8049845,180.0,34.92,15.21,1.8,22.8348,71.291664,87.0,44.0,41.541668,100.0,0.0,1008.7193,1011.0568,1006.1737,0.0,234.6425265480968,0,0,0,1,Thursday,3,3,9,2025,247,55.7434554973822,55.7434554973822,55.7434554973822,55.7434554973822,19.352840684553964,55.7434554973822,2395130.0,0.35980625,
2025-09-05,DKI5,55.7434554973822,91.49093893560439,28.209424083769633,19.335078534031414,67.46073298429319,14.37696335078534,32.755997,24.706,28.001833,5.9,9,12.964998,4.2846265,0.8049845,216.86998,28.44,11.024999,3.2399998,19.7352,77.666664,91.0,56.0,66.125,100.0,32.0,1009.14624,1011.1462,1007.0654,76.4934882,168.45810428149096,1,1,0,0,Friday,4,3,9,2025,248,55.7434554973822,55.7434554973822,55.7434554973822,55.7434554973822,19.352840684553964,55.7434554973822,2395130.0,0.35980625,Prophet's Birthday
2025-09-06,DKI5,55.7434554973822,91.49093893560439,28.209424083769633,19.335078534031414,67.46073298429319,14.37696335078534,32.255997,24.856,27.735167,5.2,11,11.879999,4.1518216,0.35999998,7.59456,26.64,11.415,3.2399998,19.6632,76.041664,90.0,52.0,80.958336,100.0,28.0,1009.757,1011.5609,1007.76526,61.7759948,157.75446668609197,1,0,1,0,Saturday,5,3,9,2025,249,55.7434554973822,55.7434554973822,55.7434554973822,55.7434554973822,19.352840684553964,55.7434554973822,2395130.0,0.35980625,
2025-09-07,DKI5,55.7434554973822,91.49093893560439,28.209424083769633,19.335078534031414,67.46073298429319,14.37696335078534,32.106,24.506,27.931,0.4,0,7.6367526,3.2190697,0.35999998,188.13002,17.64,8.37,2.52,20.6892,71.666664,90.0,53.0,72.833336,100.0,34.0,1009.3582,1011.6466,1006.86945,3.0547010400000003,107.55654620928527,1,0,1,0,Sunday,6,3,9,2025,250,55.7434554973822,55.7434554973822,55.7434554973822,55.7434554973822,19.352840684553964,55.7434554973822,2395130.0,0.35980625,
2025-09-08,DKI5,55.7434554973822,91.49093893560439,28.209424083769633,19.335078534031414,67.46073298429319,14.37696335078534,33.755997,24.756,28.44975,0.3,0,12.661564,4.956371,0.71999997,188.13002,28.44,12.179999,4.68,22.1832,71.5,88.0,46.0,69.916664,100.0,33.0,1009.26447,1011.1567,1006.67377,3.7984692,178.7254081095256,1,0,0,1,Monday,0,3,9,2025,251,55.7434554973822,55.7434554973822,55.7434554973822,55.7434554973822,19.352840684553964,55.7434554973822,2395130.0,0.35980625,
2025-09-09,DKI5,55.7434554973822,91.49093893560439,28.209424083769633,19.335078534031414,67.46073298429319,14.37696335078534,32.656,25.006,28.1435,2.9,6,10.538843,3.9855087,0.5091169,163.30067,23.039999,11.054999,2.8799999,20.4444,76.5,92.0,51.0,82.333336,100.0,36.0,1009.6838,1011.75604,1006.86816,30.5626447,139.0967195796523,1,0,0,1,Tuesday,1,3,9,2025,252,55.7434554973822,55.7434554973822,55.7434554973822,55.7434554973822,19.352840684553964,55.7434554973822,2395130.0,0.35980625,
2025-09-10,DKI5,55.7434554973822,91.49093893560439,28.209424083769633,19.335078534031414,67.46073298429319,14.37696335078534,32.806,24.756,27.803917,8.3,11,11.440978,4.6541734,0.35999998,161.56496,28.44,13.785,2.16,19.0908,80.041664,93.0,58.0,87.083336,100.0,50.0,1008.9124,1010.8561,1006.06866,94.9601174,144.21170169984472,1,0,0,1,Wednesday,2,3,9,2025,253,55.7434554973822,55.7434554973822,55.7434554973822,55.7434554973822,19.352840684553964,55.7434554973822,2395130.0,0.35980625,
2025-09-11,DKI5,55.7434554973822,91.49093893560439,28.209424083769633,19.335078534031414,67.46073298429319,14.37696335078534,32.406,24.856,27.545584,6.8,11,9.028754,4.228583,1.08,333.43503,19.8,11.16,5.04,18.4392,79.666664,90.0,56.0,91.916664,100.0,65.0,1008.9864,1011.1443,1006.76263,61.3955272,114.350087446182,1,0,0,1,Thursday,3,3,9,2025,254,55.7434554973822,55.7434554973822,55.7434554973822,55.7434554973822,19.352840684553964,55.7434554973822,2395130.0,0.35980625,
2025-09-12,DKI5,55.7434554973822,91.49093893560439,28.209424083769633,19.335078534031414,67.46073298429319,14.37696335078534,32.906,25.006,27.672667,18.1,7,12.10157,3.435912,0.5091169,90.0,24.48,9.2699995,2.16,17.9316,81.125,92.0,56.0,95.791664,100.0,67.0,1009.54034,1011.34503,1006.66583,219.03841700000004,150.59504582229647,1,0,0,1,Friday,4,3,9,2025,255,55.7434554973822,55.7434554973822,55.7434554973822,55.7434554973822,19.352840684553964,55.7434554973822,2395130.0,0.35980625,
2025-09-13,DKI5,55.7434554973822,91.49093893560439,28.209424083769633,19.335078534031414,67.46073298429319,14.37696335078534,33.505997,24.956,28.333084,0.9,2,10.538843,3.9163103,0.35999998,198.43504,21.599998,9.45,3.2399998,22.3956,74.416664,92.0,49.0,58.75,100.0,0.0,1009.8842,1011.85455,1007.47534,9.4849587,143.019190325175,1,0,1,0,Saturday,5,3,9,2025,256,55.7434554973822,55.7434554973822,55.7434554973822,55.7434554973822,19.352840684553964,55.7434554973822,2395130.0,0.35980625,
2025-09-14,DKI5,55.7434554973822,91.49093893560439,28.209424083769633,19.335078534031414,67.46073298429319,14.37696335078534,34.156,24.206,28.308083,1.7,2,14.689589,5.8374686,1.484318,135.0001,29.88,13.3949995,2.8799999,23.2848,73.208336,92.0,45.0,83.583336,100.0,32.0,1009.73004,1011.7481,1006.8776,24.972301299999998,202.60697208789938,1,0,1,0,Sunday,6,3,9,2025,257,55.7434554973822,55.7434554973822,55.7434554973822,55.7434554973822,19.352840684553964,55.7434554973822,2395130.0,0.35980625,
2025-09-15,DKI5,55.7434554973822,91.49093893560439,28.209424083769633,19.335078534031414,67.46073298429319,14.37696335078534,33.205997,25.556,28.672667,0.4,0,12.015589,5.336874,2.1897945,144.46223,25.919998,12.57,5.3999996,20.1996,70.458336,85.0,48.0,75.791664,100.0,4.0,1009.5859,1011.8575,1006.8704,4.806235600000001,172.16939716820875,1,0,0,1,Monday,0,3,9,2025,258,55.7434554973822,55.7434554973822,55.7434554973822,55.7434554973822,19.352840684553964,55.7434554973822,2395130.0,0.35980625,
2025-09-16,DKI5,55.7434554973822,91.49093893560439,28.209424083769633,19.335078534031414,67.46073298429319,14.37696335078534,32.755997,25.006,28.097666,15.9,10,11.113451,4.5566664,1.0182338,224.9999,24.48,11.61,3.96,18.6552,75.75,87.0,54.0,90.666664,100.0,33.0,1009.5212,1011.65826,1007.066,176.7038709,148.1091008536132,1,0,0,1,Tuesday,1,3,9,2025,259,55.7434554973822,55.7434554973822,55.7434554973822,55.7434554973822,19.352840684553964,55.7434554973822,2395130.0,0.35980625,
2025-09-17,DKI5,55.7434554973822,91.49093893560439,28.209424083769633,19.335078534031414,67.46073298429319,14.37696335078534,32.205997,24.806,27.683083,17.9,14,12.7279215,4.386978,0.5091169,360.0,27.72,11.655,3.2399998,19.1808,79.083336,93.0,62.0,90.416664,100.0,39.0,1009.7194,1012.1447,1007.06696,227.82979484999998,162.50742457585628,1,0,0,1,Wednesday,2,3,9,2025,260,55.7434554973822,55.7434554973822,55.7434554973822,55.7434554973822,19.352840684553964,55.7434554973822,2395130.0,0.35980625,
2025-09-18,DKI5,55.7434554973822,91.49093893560439,28.209424083769633,19.335078534031414,67.46073298429319,14.37696335078534,31.206,24.706,27.82475,0.3,0,8.759178,4.391648,0.8049845,206.56499,18.359999,10.365,2.16,18.8424,78.375,92.0,61.0,88.166664,100.0,44.0,1009.5743,1011.9509,1006.7692,2.6277534,112.82986919203063,1,0,0,1,Thursday,3,3,9,2025,261,55.7434554973822,55.7434554973822,55.7434554973822,55.7434554973822,19.352840684553964,55.7434554973822,2395130.0,0.35980625,
2025-09-19,DKI5,55.7434554973822,91.49093893560439,28.209424083769633,19.335078534031414,67.46073298429319,14.37696335078534,32.306,25.306,27.783083,8.599999,7,10.464798,4.4381976,0.8049845,218.65984,26.28,17.385,6.12,18.8604,81.333336,92.0,59.0,91.25,100.0,58.0,1009.6824,1011.749,1007.4618,89.997252335202,129.91133623432341,1,0,0,1,Friday,4,3,9,2025,262,55.7434554973822,55.7434554973822,55.7434554973822,55.7434554973822,19.352840684553964,55.7434554973822,2395130.0,0.35980625,
2025-09-20,DKI5,55.7434554973822,91.49093893560439,28.209424083769633,19.335078534031414,67.46073298429319,14.37696335078534,31.206,25.256,27.610167,3.6000001,4,15.745627,6.5625434,1.2979984,213.6901,37.44,16.905,2.8799999,17.4168,81.25,93.0,59.0,96.0,100.0,39.0,1009.4694,1011.65515,1007.7621,56.6842587745627,195.62742941924677,1,0,1,0,Saturday,5,3,9,2025,263,55.7434554973822,55.7434554973822,55.7434554973822,55.7434554973822,19.352840684553964,55.7434554973822,2395130.0,0.35980625,
2025-09-21,DKI5,55.7434554973822,91.49093893560439,28.209424083769633,19.335078534031414,67.46073298429319,14.37696335078534,32.306,24.656,27.77475,6.6,8,11.212135,5.0660377,1.2979984,224.9999,26.64,13.424999,3.2399998,20.9376,83.291664,98.0,61.0,79.791664,100.0,51.0,1009.89044,1012.0547,1007.7634,74.000091,135.9443118880348,1,0,1,0,Sunday,6,3,9,2025,264,55.7434554973822,55.7434554973822,55.7434554973822,55.7434554973822,19.352840684553964,55.7434554973822,2395130.0,0.35980625,
2025-09-22,DKI5,55.7434554973822,91.49093893560439,28.209424083769633,19.335078534031414,67.46073298429319,14.37696335078534,34.306,24.656,28.466415,2.3,5,13.797912,5.411856,0.0,90.0,29.519999,13.275001,3.2399998,24.2316,78.166664,96.0,50.0,62.666668,100.0,0.0,1008.9441,1010.75116,1005.3721,31.7351976,178.09794089100697,1,0,0,1,Monday,0,3,9,2025,265,55.7434554973822,55.7434554973822,55.7434554973822,55.7434554973822,19.352840684553964,55.7434554973822,2395130.0,0.35980625,
2025-09-23,DKI5,55.7434554973822,91.49093893560439,28.209424083769633,19.335078534031414,67.46073298429319,14.37696335078534,33.306,25.106,28.466415,0.2,1,11.928989,5.0595555,1.1384199,180.0,26.28,12.66,2.52,22.6404,77.166664,90.0,55.0,89.833336,100.0,42.0,1009.0772,1011.6501,1005.7723,2.3857978,155.99055596015916,1,0,0,1,Tuesday,1,3,9,2025,266,55.7434554973822,55.7434554973822,55.7434554973822,55.7434554973822,19.352840684553964,55.7434554973822,2395130.0,0.35980625,
2025-09-24,DKI5,55.7434554973822,91.49093893560439,28.209424083769633,19.335078534031414,67.46073298429319,14.37696335078534,34.106,24.806,28.818499,0.9,1,10.799999,3.1866207,0.5091169,180.0,23.759998,8.88,2.8799999,23.9472,71.916664,89.0,46.0,70.75,100.0,11.0,1008.1838,1010.35254,1005.1729,9.7199991,151.40279632292456,1,0,0,1,Wednesday,2,3,9,2025,267,55.7434554973822,55.7434554973822,55.7434554973822,55.7434554973822,19.352840684553964,55.7434554973822,2395130.0,0.35980625,
2025-09-25,DKI5,55.7434554973822,91.49093893560439,28.209424083769633,19.335078534031414,67.46073298429319,14.37696335078534,33.255997,24.656,28.308083,9.5,7,11.792404,3.8667915,1.08,172.87508,25.56,10.634999,3.96,21.8988,73.625,86.0,54.0,68.041664,100.0,21.0,1008.802,1011.5464,1006.46893,112.02783799999999,161.5782783023158,1,0,0,1,Thursday,3,3,9,2025,268,55.7434554973822,55.7434554973822,55.7434554973822,55.7434554973822,19.352840684553964,55.7434554973822,2395130.0,0.35980625,
2025-09-26,DKI5,55.7434554973822,91.49093893560439,28.209424083769633,19.335078534031414,67.46073298429319,14.37696335078534,34.505997,24.606,28.422667,6.7,6,12.324414,4.7885575,1.2979984,180.0,25.56,12.495,2.52,23.9544,74.0,90.0,46.0,62.666668,100.0,13.0,1009.38086,1011.5559,1005.88086,82.5735738,168.1084811123789,1,0,0,1,Friday,4,3,9,2025,269,55.7434554973822,55.7434554973822,55.7434554973822,55.7434554973822,19.352840684553964,55.7434554973822,2395130.0,0.35980625,
2025-09-27,DKI5,55.7434554973822,91.49093893560439,28.209424083769633,19.335078534031414,67.46073298429319,14.37696335078534,33.806,25.756,28.8935,2.2,4,13.18308,5.641655,1.9386592,125.537766,27.0,13.245,3.6,21.7836,73.666664,87.0,50.0,87.666664,100.0,60.0,1008.9041,1011.1592,1006.2787,29.002776000000004,180.54928430895148,1,0,1,0,Saturday,5,3,9,2025,270,55.7434554973822,55.7434554973822,55.7434554973822,55.7434554973822,19.352840684553964,55.7434554973822,2395130.0,0.35980625,
2025-09-28,DKI5,55.7434554973822,91.49093893560439,28.209424083769633,19.335078534031414,67.46073298429319,14.37696335078534,33.705997,25.806,29.189333,0.8,2,16.267857,7.0130806,1.484318,146.3099,37.44,17.295,2.8799999,22.428,72.25,89.0,51.0,73.416664,92.0,43.0,1008.8428,1011.26166,1005.87335,13.014285600000001,227.15170111944082,1,0,1,0,Sunday,6,3,9,2025,271,55.7434554973822,55.7434554973822,55.7434554973822,55.7434554973822,19.352840684553964,55.7434554973822,2395130.0,0.35980625,
2025-09-29,DKI5,55.7434554973822,91.49093893560439,28.209424083769633,19.335078534031414,67.46073298429319,14.37696335078534,34.406,25.456,28.335167,18.1,6,12.57426,5.04894,1.484318,106.699326,27.72,13.709999,4.32,19.314,77.458336,90.0,47.0,85.041664,100.0,48.0,1009.5429,1011.45654,1007.1678,227.59410600000004,163.88494203843987,1,0,0,1,Monday,0,3,9,2025,272,55.7434554973822,55.7434554973822,55.7434554973822,55.7434554973822,19.352840684553964,55.7434554973822,2395130.0,0.35980625,
2025-09-30,DKI5,55.7434554973822,91.49093893560439,28.209424083769633,19.335078534031414,67.46073298429319,14.37696335078534,33.056,25.306,28.099749,11.3,8,10.308831,3.4576914,0.5091169,90.0,23.759998,10.5,2.52,19.314,77.125,90.0,53.0,91.416664,100.0,70.0,1008.97186,1010.6464,1006.9759,116.48979030000001,134.8631492835742,1,0,0,1,Tuesday,1,3,9,2025,273,55.7434554973822,55.7434554973822,55.7434554973822,55.7434554973822,19.352840684553964,55.7434554973822,2395130.0,0.35980625,
2025-10-01,DKI5,58.778260869565216,89.87003497248111,27.017391304347825,24.51304347826087,72.92173913043479,13.595652173913043,32.556,24.856,27.960167,6.5,8,14.77755,6.021544,0.8049845,243.43501,32.039997,15.089999,2.16,19.6416,78.583336,94.0,57.0,85.0,100.0,48.0,1008.70087,1010.7562,1006.26514,96.054075,189.68560384695937,1,0,0,1,Wednesday,2,4,10,2025,274,55.7434554973822,55.7434554973822,55.7434554973822,55.7434554973822,19.352840684553964,55.7434554973822,2395130.0,0.35980625,
2025-10-02,DKI5,58.778260869565216,89.87003497248111,27.017391304347825,24.51304347826087,72.92173913043479,13.595652173913043,30.056,25.606,27.364334,8.6,13,11.792404,4.378334,0.35999998,270.0,28.44,13.305,1.08,13.2552,82.666664,91.0,70.0,96.916664,100.0,57.0,1010.1927,1012.34546,1008.24664,101.4146744,144.1040421838094,1,0,0,1,Thursday,3,4,10,2025,275,55.7434554973822,55.7434554973822,55.7434554973822,55.7434554973822,19.352840684553964,55.7434554973822,2395130.0,0.35980625,
2025-10-03,DKI5,58.778260869565216,89.87003497248111,27.017391304347825,24.51304347826087,72.92173913043479,13.595652173913043,33.955997,24.456,28.39975,0.0,0,10.195057,3.7056608,0.5091169,165.96373,20.519999,8.655,2.52,21.4884,73.75,92.0,49.0,83.458336,100.0,0.0,1010.5129,1012.4457,1007.67865,0.0,139.69134392861423,0,0,0,1,Friday,4,4,10,2025,276,55.7434554973822,55.7434554973822,55.7434554973822,55.7434554973822,19.352840684553964,55.7434554973822,2395130.0,0.35980625,
2025-10-04,DKI5,58.778260869565216,89.87003497248111,27.017391304347825,24.51304347826087,72.92173913043479,13.595652173913043,34.906,24.406,28.681,2.9,2,14.044615,4.315651,1.2979984,210.96368,29.519999,10.755,3.2399998,24.174,76.0,93.0,46.0,74.041664,100.0,10.0,1010.55975,1012.3582,1007.98175,40.7293835,186.74898188481907,1,0,1,0,Saturday,5,4,10,2025,277,55.7434554973822,55.7434554973822,55.7434554973822,55.7434554973822,19.352840684553964,55.7434554973822,2395130.0,0.35980625,
2025-10-05,DKI5,58.778260869565216,89.87003497248111,27.017391304347825,24.51304347826087,72.92173913043479,13.595652173913043,32.906,25.706,28.128916,7.8999996,6,12.10157,5.036762,1.0182338,180.0,26.64,12.405,3.96,19.3932,78.666664,91.0,57.0,91.75,100.0,42.0,1010.7324,1012.246,1008.3645,95.602398159372,155.48452505711953,1,0,1,0,Sunday,6,4,10,2025,278,55.7434554973822,55.7434554973822,55.7434554973822,55.7434554973822,19.352840684553964,55.7434554973822,2395130.0,0.35980625,
2025-10-06,DKI5,58.778260869565216,89.87003497248111,27.017391304347825,24.51304347826087,72.92173913043479,13.595652173913043,33.606,25.306,28.745583,0.3,1,15.990646,5.9908996,0.71999997,146.3099,37.8,14.294999,3.2399998,21.7008,72.875,90.0,51.0,94.916664,100.0,39.0,1010.4226,1012.44977,1007.7735,4.7971938,221.7126601303547,1,0,0,1,Monday,0,4,10,2025,279,55.7434554973822,55.7434554973822,55.7434554973822,55.7434554973822,19.352840684553964,55.7434554973822,2395130.0,0.35980625,
2025-10-07,DKI5,58.778260869565216,89.87003497248111,27.017391304347825,24.51304347826087,72.92173913043479,13.595652173913043,33.205997,25.106,27.79975,11.8,10,10.829958,4.575268,1.1384199,224.9999,28.8,16.215,5.04,21.3984,79.875,93.0,55.0,71.916664,100.0,36.0,1011.6135,1013.7417,1009.4636,127.7935044,137.16096046614086,1,0,0,1,Tuesday,1,4,10,2025,280,55.7434554973822,55.7434554973822,55.7434554973822,55.7434554973822,19.352840684553964,55.7434554973822,2395130.0,0.35980625,
2025-10-08,DKI5,58.778260869565216,89.87003497248111,27.017391304347825,24.51304347826087,72.92173913043479,13.595652173913043,33.306,24.456,28.045584,12.8,6,9.793058,4.1591206,1.2979984,243.43501,21.96,10.155,2.8799999,24.264,78.25,95.0,53.0,58.125,100.0,24.0,1010.4199,1012.94885,1006.968,125.35114240000001,126.45496083136358,1,0,0,1,Wednesday,2,4,10,2025,281,55.7434554973822,55.7434554973822,55.7434554973822,55.7434554973822,19.352840684553964,55.7434554973822,2395130.0,0.35980625,
2025-10-09,DKI5,58.778260869565216,89.87003497248111,27.017391304347825,24.51304347826087,72.92173913043479,13.595652173913043,33.705997,24.956,28.333084,0.90000004,1,13.450708,4.821713,1.609969,135.0001,28.44,11.804999,3.2399998,24.6996,73.75,91.0,49.0,38.125,100.0,0.0,1009.61774,1011.4455,1006.9715,12.10563773802832,184.13658864216842,1,0,0,1,Thursday,3,4,10,2025,282,55.7434554973822,55.7434554973822,55.7434554973822,55.7434554973822,19.352840684553964,55.7434554973822,2395130.0,0.35980625,
2025-10-10,DKI5,58.778260869565216,89.87003497248111,27.017391304347825,24.51304347826087,72.92173913043479,13.595652173913043,33.806,24.456,28.2685,1.0,3,13.910169,4.933455,1.4399999,180.0,28.8,12.555,3.2399998,24.6924,71.958336,87.0,47.0,55.416668,100.0,0.0,1009.4261,1011.55084,1006.5698,13.910169,195.13079963398403,1,0,0,1,Friday,4,4,10,2025,283,55.7434554973822,55.7434554973822,55.7434554973822,55.7434554973822,19.352840684553964,55.7434554973822,2395130.0,0.35980625,
2025-10-11,DKI5,58.778260869565216,89.87003497248111,27.017391304347825,24.51304347826087,72.92173913043479,13.595652173913043,33.306,25.456,28.69975,0.90000004,2,10.739833,5.446591,1.8,135.0001,24.48,14.07,3.96,23.7528,71.541664,86.0,48.0,64.833336,100.0,18.0,1009.04486,1011.45825,1006.0706,9.66585012959332,151.47779182083855,1,0,1,0,Saturday,5,4,10,2025,284,55.7434554973822,55.7434554973822,55.7434554973822,55.7434554973822,19.352840684553964,55.7434554973822,2395130.0,0.35980625,
2025-10-12,DKI5,58.778260869565216,89.87003497248111,27.017391304347825,24.51304347826087,72.92173913043479,13.595652173913043,34.106,25.106,28.997665,1.3,2,13.53236,4.9960713,0.8049845,218.65984,32.760002,12.93,2.52,23.9652,71.666664,88.0,47.0,53.0,100.0,0.0,1008.3967,1010.46094,1005.7707,17.592068,190.40913034841418,1,0,1,0,Sunday,6,4,10,2025,285,55.7434554973822,55.7434554973822,55.7434554973822,55.7434554973822,19.352840684553964,55.7434554973822,2395130.0,0.35980625,
2025-10-13,DKI5,58.778260869565216,89.87003497248111,27.017391304347825,24.51304347826087,72.92173913043479,13.595652173913043,33.705997,25.856,28.701834,9.8,10,12.738099,4.673057,1.0182338,8.426887,33.839996,18.675,2.8799999,21.3336,78.0,90.0,57.0,85.791664,100.0,54.0,1008.39557,1010.46094,1005.672,124.8333702,164.68003335668502,1,0,0,1,Monday,0,4,10,2025,286,55.7434554973822,55.7434554973822,55.7434554973822,55.7434554973822,19.352840684553964,55.7434554973822,2395130.0,0.35980625,
2025-10-14,DKI5,58.778260869565216,89.87003497248111,27.017391304347825,24.51304347826087,72.92173913043479,13.595652173913043,34.205997,25.656,29.1435,2.4,4,13.044722,4.5918083,0.0,108.43504,34.2,13.845,1.4399999,22.2336,76.333336,93.0,51.0,80.166664,100.0,42.0,1007.0571,1009.1608,1004.5755,31.307332799999998,172.0975473628743,1,0,0,1,Tuesday,1,4,10,2025,287,55.7434554973822,55.7434554973822,55.7434554973822,55.7434554973822,19.352840684553964,55.7434554973822,2395130.0,0.35980625,
2025-10-15,DKI5,58.778260869565216,89.87003497248111,27.017391304347825,24.51304347826087,72.92173913043479,13.595652173913043,33.255997,26.706,29.351831,1.4,2,14.021525,6.0437083,1.8,149.03632,35.64,19.875,4.32,21.9564,75.041664,89.0,58.0,66.625,86.0,39.0,1005.7261,1008.0633,1002.8796,19.630135,187.91978885626122,1,0,0,1,Wednesday,2,4,10,2025,288,55.7434554973822,55.7434554973822,55.7434554973822,55.7434554973822,19.352840684553964,55.7434554973822,2395130.0,0.35980625,
2025-10-16,DKI5,58.778260869565216,89.87003497248111,27.017391304347825,24.51304347826087,72.92173913043479,13.595652173913043,35.056,26.406,28.910166,7.3,8,15.379206,4.7867007,1.08,18.435053,36.0,17.715,2.52,19.8612,78.5,91.0,50.0,91.375,100.0,54.0,1005.6536,1007.5576,1002.775,112.2682038,197.02106852282293,1,0,0,1,Thursday,3,4,10,2025,289,55.7434554973822,55.7434554973822,55.7434554973822,55.7434554973822,19.352840684553964,55.7434554973822,2395130.0,0.35980625,
2025-10-17,DKI5,58.778260869565216,89.87003497248111,27.017391304347825,24.51304347826087,72.92173913043479,13.595652173913043,35.056,25.906,29.158083,11.099999,8,14.77755,4.5388494,0.0,224.9999,30.960001,13.29,1.08,21.906,76.208336,94.0,49.0,84.291664,100.0,37.0,1006.52026,1008.6525,1003.6783,164.03079022245,195.17423222786283,1,0,0,1,Friday,4,4,10,2025,290,55.7434554973822,55.7434554973822,55.7434554973822,55.7434554973822,19.352840684553964,55.7434554973822,2395130.0,0.35980625,
2025-10-18,DKI5,58.778260869565216,89.87003497248111,27.017391304347825,24.51304347826087,72.92173913043479,13.595652173913043,33.955997,25.806,28.845583,3.7,7,10.853866,4.055821,1.5273507,135.0001,24.84,11.595,4.68,21.9384,76.333336,90.0,50.0,75.083336,100.0,5.0,1005.99054,1008.2577,1003.27313,40.1593042,143.04217646701096,1,0,1,0,Saturday,5,4,10,2025,291,55.7434554973822,55.7434554973822,55.7434554973822,55.7434554973822,19.352840684553964,55.7434554973822,2395130.0,0.35980625,
2025-10-19,DKI5,58.778260869565216,89.87003497248111,27.017391304347825,24.51304347826087,72.92173913043479,13.595652173913043,32.556,25.606,28.787249,0.9,2,10.483357,5.062883,1.2979984,11.76827,25.919998,13.709999,2.8799999,21.4056,77.25,93.0,60.0,65.291664,94.0,30.0,1005.01227,1007.0594,1002.47784,9.4350213,136.38708628854874,1,0,1,0,Sunday,6,4,10,2025,292,55.7434554973822,55.7434554973822,55.7434554973822,55.7434554973822,19.352840684553964,55.7434554973822,2395130.0,0.35980625,
2025-10-20,DKI5,58.778260869565216,89.87003497248111,27.017391304347825,24.51304347826087,72.92173913043479,13.595652173913043,33.656,25.906,29.11225,0.7,0,10.1376915,4.179935,1.08,180.0,22.319998,11.084999,2.16,21.0996,72.791664,88.0,52.0,89.458336,100.0,49.0,1005.38385,1007.5532,1002.57837,7.09638405,140.0197598228044,1,0,0,1,Monday,0,4,10,2025,293,55.7434554973822,55.7434554973822,55.7434554973822,55.7434554973822,19.352840684553964,55.7434554973822,2395130.0,0.35980625,
2025-10-21,DKI5,58.778260869565216,89.87003497248111,27.017391304347825,24.51304347826087,72.92173913043479,13.595652173913043,34.755997,25.706,28.964333,12.2,6,13.70839,4.269875,0.5091169,180.0,30.239998,11.04,3.6,19.2204,75.916664,89.0,48.0,97.583336,100.0,56.0,1006.7236,1008.85547,1004.2755,167.242358,181.7856449936209,1,0,0,1,Tuesday,1,4,10,2025,294,55.7434554973822,55.7434554973822,55.7434554973822,55.7434554973822,19.352840684553964,55.7434554973822,2395130.0,0.35980625,
2025-10-22,DKI5,58.778260869565216,89.87003497248111,27.017391304347825,24.51304347826087,72.92173913043479,13.595652173913043,33.705997,25.706,28.685165,6.7,7,12.849528,5.8180394,0.35999998,258.6901,28.08,14.04,1.8,18.9576,78.458336,92.0,54.0,96.875,100.0,88.0,1007.46747,1009.75037,1004.87445,86.0918376,164.99816494775214,1,0,0,1,Wednesday,2,4,10,2025,295,55.7434554973822,55.7434554973822,55.7434554973822,55.7434554973822,19.352840684553964,55.7434554973822,2395130.0,0.35980625,
2025-10-23,DKI5,58.778260869565216,89.87003497248111,27.017391304347825,24.51304347826087,72.92173913043479,13.595652173913043,31.406,25.056,27.62475,1.9000001,3,14.685176,7.1969094,0.0,255.06853,29.519999,15.915,4.32,14.8392,80.958336,95.0,63.0,97.75,100.0,90.0,1008.1003,1009.64825,1006.1652,27.9018358685176,182.86109945679712,1,0,0,1,Thursday,3,4,10,2025,296,55.7434554973822,55.7434554973822,55.7434554973822,55.7434554973822,19.352840684553964,55.7434554973822,2395130.0,0.35980625,
2025-10-24,DKI5,58.778260869565216,89.87003497248111,27.017391304347825,24.51304347826087,72.92173913043479,13.595652173913043,32.255997,24.906,27.983084,2.0,5,12.599998,7.3858285,2.9024127,270.0,29.16,15.84,5.7599998,17.2764,77.541664,89.0,61.0,95.791664,100.0,77.0,1007.8851,1010.54474,1005.67175,25.199996,163.77453860455972,1,0,0,1,Friday,4,4,10,2025,297,55.7434554973822,55.7434554973822,55.7434554973822,55.7434554973822,19.352840684553964,55.7434554973822,2395130.0,0.35980625,
2025-10-25,DKI5,58.778260869565216,89.87003497248111,27.017391304347825,24.51304347826087,72.92173913043479,13.595652173913043,32.856,24.656,27.924751,0.6,1,9.422101,5.621137,2.5455842,233.13002,23.4,12.134999,4.68,15.318,75.291664,89.0,56.0,98.416664,100.0,91.0,1008.13885,1009.5519,1005.57306,5.653260599999999,126.15986368323391,1,0,1,0,Saturday,5,4,10,2025,298,55.7434554973822,55.7434554973822,55.7434554973822,55.7434554973822,19.352840684553964,55.7434554973822,2395130.0,0.35980625,
2025-10-26,DKI5,58.778260869565216,89.87003497248111,27.017391304347825,24.51304347826087,72.92173913043479,13.595652173913043,33.106,25.056,28.195581,2.3000002,4,12.397806,4.240474,0.8049845,180.0,23.039999,9.285,4.32,20.1888,75.375,93.0,51.0,99.875,100.0,97.0,1008.5852,1010.5523,1006.7654,28.514956279561197,165.89377968917015,1,0,1,0,Sunday,6,4,10,2025,299,55.7434554973822,55.7434554973822,55.7434554973822,55.7434554973822,19.352840684553964,55.7434554973822,2395130.0,0.35980625,
2025-10-27,DKI5,58.778260869565216,89.87003497248111,27.017391304347825,24.51304347826087,72.92173913043479,13.595652173913043,32.705997,24.506,27.745583,14.3,8,14.529915,5.204812,2.0364676,224.9999,26.28,10.71,4.32,19.6632,80.625,94.0,57.0,95.916664,100.0,73.0,1009.11206,1010.7498,1006.5638,207.77778450000002,181.85813900496004,1,0,0,1,Monday,0,4,10,2025,300,55.7434554973822,55.7434554973822,55.7434554973822,55.7434554973822,19.352840684553964,55.7434554973822,2395130.0,0.35980625,
2025-10-28,DKI5,58.778260869565216,89.87003497248111,27.017391304347825,24.51304347826087,72.92173913043479,13.595652173913043,31.406,25.656,27.560167,6.0,7,7.628263,4.284863,1.484318,216.86998,20.519999,9.66,2.8799999,15.4692,82.125,92.0,67.0,100.0,100.0,100.0,1009.5816,1011.4522,1007.8579,45.769577999999996,93.77599957090776,1,0,0,1,Tuesday,1,4,10,2025,301,55.7434554973822,55.7434554973822,55.7434554973822,55.7434554973822,19.352840684553964,55.7434554973822,2395130.0,0.35980625,
2025-10-29,DKI5,58.778260869565216,89.87003497248111,27.017391304347825,24.51304347826087,72.92173913043479,13.595652173913043,32.455997,24.806,28.301834,3.0,3,5.315336,2.6888978,1.0182338,135.0001,16.56,7.77,2.16,21.8268,74.375,89.0,54.0,93.166664,100.0,70.0,1009.4387,1011.4563,1006.7721,15.946008,72.14125528609345,1,0,0,1,Wednesday,2,4,10,2025,302,55.7434554973822,55.7434554973822,55.7434554973822,55.7434554973822,19.352840684553964,55.7434554973822,2395130.0,0.35980625,
2025-10-30,DKI5,58.778260869565216,89.87003497248111,27.017391304347825,24.51304347826087,72.92173913043479,13.595652173913043,33.106,26.006,28.281,11.0,5,8.404285,3.9445925,1.484318,215.53777,16.919998,8.265,3.96,18.9252,80.5,95.0,56.0,98.583336,100.0,81.0,1009.2597,1011.05524,1006.6724,92.447135,105.3677783579441,1,0,0,1,Thursday,3,4,10,2025,303,55.7434554973822,55.7434554973822,55.7434554973822,55.7434554973822,19.352840684553964,55.7434554973822,2395130.0,0.35980625,
2025-10-31,DKI5,58.778260869565216,89.87003497248111,27.017391304347825,24.51304347826087,72.92173913043479,13.595652173913043,33.106,25.356,28.097666,13.6,8,10.948973,4.2721295,0.71999997,180.0,21.599998,9.974999,3.6,21.0492,79.916664,95.0,58.0,78.208336,100.0,36.0,1010.0915,1011.9519,1007.7662,148.9060328,138.38746523540448,1,0,0,1,Friday,4,4,10,2025,304,55.7434554973822,55.7434554973822,55.7434554973822,55.7434554973822,19.352840684553964,55.7434554973822,2395130.0,0.35980625,
2025-11-01,DKI5,48.31132075471698,81.9044261068668,25.117924528301888,24.92452830188679,66.14150943396227,13.858490566037736,33.806,24.906,28.097666,6.5,5,11.966953,4.757506,1.2979984,243.43501,23.4,11.535,3.2399998,20.412,78.625,93.0,53.0,77.833336,100.0,10.0,1009.7251,1011.65204,1007.07874,77.7851945,153.68308826226138,1,0,1,0,Saturday,5,4,11,2025,305,55.7434554973822,55.7434554973822,55.7434554973822,55.7434554973822,19.352840684553964,55.7434554973822,2395130.0,0.35980625,
2025-11-02,DKI5,48.31132075471698,81.9044261068668,25.117924528301888,24.92452830188679,66.14150943396227,13.858490566037736,33.856,25.406,28.4935,15.599999,9,15.683776,4.647246,0.5091169,224.9999,29.88,11.415,1.08,21.3732,76.958336,89.0,54.0,92.916664,100.0,36.0,1009.41864,1011.3526,1007.26904,244.666889916224,205.7151526766982,1,0,1,0,Sunday,6,4,11,2025,306,55.7434554973822,55.7434554973822,55.7434554973822,55.7434554973822,19.352840684553964,55.7434554973822,2395130.0,0.35980625,
2025-11-03,DKI5,48.31132075471698,81.9044261068668,25.117924528301888,24.92452830188679,66.14150943396227,13.858490566037736,34.005997,25.256,28.6435,7.8,6,12.43434,5.215661,1.1384199,201.80147,28.44,12.45,3.6,22.0428,76.75,90.0,52.0,97.0,100.0,56.0,1008.92816,1010.9528,1006.1664,96.987852,163.45740426077396,1,0,0,1,Monday,0,4,11,2025,307,55.7434554973822,55.7434554973822,55.7434554973822,55.7434554973822,19.352840684553964,55.7434554973822,2395130.0,0.35980625,
2025-11-04,DKI5,48.31132075471698,81.9044261068668,25.117924528301888,24.92452830188679,66.14150943396227,13.858490566037736,34.205997,25.106,29.320581,0.6,1,13.979871,5.1933575,1.08,180.0,28.44,12.03,2.8799999,23.4036,72.041664,94.0,47.0,90.875,100.0,46.0,1008.2022,1010.4612,1005.07904,8.3879226,195.64424133673813,1,0,0,1,Tuesday,1,4,11,2025,308,55.7434554973822,55.7434554973822,55.7434554973822,55.7434554973822,19.352840684553964,55.7434554973822,2395130.0,0.35980625,
2025-11-05,DKI5,48.31132075471698,81.9044261068668,25.117924528301888,24.92452830188679,66.14150943396227,13.858490566037736,32.205997,25.956,28.170584,0.1,0,20.523157,9.2248955,2.0991426,243.43501,41.399998,19.92,4.32,16.5024,71.708336,87.0,58.0,95.875,100.0,67.0,1008.00244,1010.05914,1005.4703,2.0523157000000003,288.49354881841185,1,0,0,1,Wednesday,2,4,11,2025,309,55.7434554973822,55.7434554973822,55.7434554973822,55.7434554973822,19.352840684553964,55.7434554973822,2395130.0,0.35980625,
2025-11-06,DKI5,48.31132075471698,81.9044261068668,25.117924528301888,24.92452830188679,66.14150943396227,13.858490566037736,31.806,25.406,28.033083,0.0,0,22.380884,11.58546,4.1046314,251.56496,43.56,23.76,7.92,19.8108,73.041664,84.0,58.0,85.333336,100.0,43.0,1007.7771,1009.64825,1005.4685,0.0,308.79557142833437,0,0,0,1,Thursday,3,4,11,2025,310,55.7434554973822,55.7434554973822,55.7434554973822,55.7434554973822,19.352840684553964,55.7434554973822,2395130.0,0.35980625,
2025-11-07,DKI5,48.31132075471698,81.9044261068668,25.117924528301888,24.92452830188679,66.14150943396227,13.858490566037736,33.156,25.056,28.17475,1.1,2,18.03237,9.826243,2.8116899,224.9999,36.719997,20.775,5.3999996,19.9908,75.125,88.0,54.0,89.125,100.0,69.0,1007.5904,1009.3552,1005.1723,19.835607000000003,241.8534828785092,1,0,0,1,Friday,4,4,11,2025,311,55.7434554973822,55.7434554973822,55.7434554973822,55.7434554973822,19.352840684553964,55.7434554973822,2395130.0,0.35980625,
2025-11-08,DKI5,48.31132075471698,81.9044261068668,25.117924528301888,24.92452830188679,66.14150943396227,13.858490566037736,30.256,25.256,27.201834,3.0,6,21.41319,11.564018,4.5536795,266.6336,52.92,27.765,10.08,16.344,80.166664,90.0,66.0,94.083336,100.0,61.0,1008.88525,1010.4435,1007.46106,64.23957,269.48173303615954,1,0,1,0,Saturday,5,4,11,2025,312,55.7434554973822,55.7434554973822,55.7434554973822,55.7434554973822,19.352840684553964,55.7434554973822,2395130.0,0.35980625,
2025-11-09,DKI5,48.31132075471698,81.9044261068668,25.117924528301888,24.92452830188679,66.14150943396227,13.858490566037736,32.255997,24.456,27.816416,0.90000004,2,16.263872,7.687041,2.0364676,243.43501,37.44,18.615,4.32,18.486,74.958336,88.0,55.0,99.541664,100.0,92.0,1008.12164,1009.9637,1005.7723,14.637485450554879,218.73432880620612,1,0,1,0,Sunday,6,4,11,2025,313,55.7434554973822,55.7434554973822,55.7434554973822,55.7434554973822,19.352840684553964,55.7434554973822,2395130.0,0.35980625,
2025-11-10,DKI5,48.31132075471698,81.9044261068668,25.117924528301888,24.92452830188679,66.14150943396227,13.858490566037736,32.806,24.906,28.053917,0.0,0,17.698677,8.802793,3.5455887,257.27563,40.32,20.85,7.5599995,22.6224,74.083336,87.0,54.0,78.833336,100.0,7.0,1007.71893,1009.46204,1005.4675,0.0,240.7463380004325,0,0,0,1,Monday,0,4,11,2025,314,55.7434554973822,55.7434554973822,55.7434554973822,55.7434554973822,19.352840684553964,55.7434554973822,2395130.0,0.35980625,
2025-11-11,DKI5,48.31132075471698,81.9044261068668,25.117924528301888,24.92452830188679,66.14150943396227,13.858490566037736,30.656,25.056,27.32475,2.2,5,16.676977,8.87312,3.0547013,249.44386,41.039997,21.915,6.4799995,16.56,75.791664,83.0,66.0,95.416664,100.0,66.0,1008.3321,1010.544,1006.56287,36.689349400000005,221.87045847234205,1,0,0,1,Tuesday,1,4,11,2025,315,55.7434554973822,55.7434554973822,55.7434554973822,55.7434554973822,19.352840684553964,55.7434554973822,2395130.0,0.35980625,
2025-11-12,DKI5,48.31132075471698,81.9044261068668,25.117924528301888,24.92452830188679,66.14150943396227,13.858490566037736,31.706,24.456,26.556,1.6999999,2,15.827721,10.25644,5.7599998,254.47583,36.36,23.835,13.679999,11.79,81.416664,91.0,61.0,98.708336,100.0,90.0,1009.10333,1011.1427,1006.8621,26.907124117227898,196.17367235055136,1,0,0,1,Wednesday,2,4,11,2025,316,55.7434554973822,55.7434554973822,55.7434554973822,55.7434554973822,19.352840684553964,55.7434554973822,2395130.0,0.35980625,
2025-11-13,DKI5,48.31132075471698,81.9044261068668,25.117924528301888,24.92452830188679,66.14150943396227,13.858490566037736,30.706,24.606,27.072668,0.70000005,2,16.520823,9.114248,3.8773184,266.186,39.6,21.99,9.36,17.3952,77.458336,89.0,62.0,91.458336,100.0,48.0,1009.05536,1010.75464,1006.8641,11.56457692604115,215.2179592363213,1,0,0,1,Thursday,3,4,11,2025,317,55.7434554973822,55.7434554973822,55.7434554973822,55.7434554973822,19.352840684553964,55.7434554973822,2395130.0,0.35980625,
2025-11-14,DKI5,48.31132075471698,81.9044261068668,25.117924528301888,24.92452830188679,66.14150943396227,13.858490566037736,30.056,24.506,26.6685,0.3,1,16.24394,9.141517,4.379589,270.0,41.760002,21.225,10.799999,15.5268,79.958336,89.0,65.0,83.875,100.0,48.0,1008.01337,1009.9425,1005.56323,4.873181999999999,204.78300975995546,1,0,0,1,Friday,4,4,11,2025,318,55.7434554973822,55.7434554973822,55.7434554973822,55.7434554973822,19.352840684553964,55.7434554973822,2395130.0,0.35980625,
2025-11-15,DKI5,48.31132075471698,81.9044261068668,25.117924528301888,24.92452830188679,66.14150943396227,13.858490566037736,32.006,24.106,27.466415,5.4,6,11.753877,6.026633,1.1384199,257.00537,33.12,16.035,3.96,18.5832,78.416664,87.0,62.0,93.208336,100.0,49.0,1008.03296,1010.04785,1006.167,63.4709358,151.09410193458268,1,0,1,0,Saturday,5,4,11,2025,319,55.7434554973822,55.7434554973822,55.7434554973822,55.7434554973822,19.352840684553964,55.7434554973822,2395130.0,0.35980625,
2025-11-16,DKI5,48.31132075471698,81.9044261068668,25.117924528301888,24.92452830188679,66.14150943396227,13.858490566037736,32.556,25.056,28.14975,0.0,0,18.775301,9.989529,4.6938252,270.0,40.68,22.74,10.440001,20.43,75.75,90.0,56.0,99.916664,100.0,99.0,1008.302,1010.2463,1005.3727,0.0,249.91648249375578,0,0,1,0,Sunday,6,4,11,2025,320,55.7434554973822,55.7434554973822,55.7434554973822,55.7434554973822,19.352840684553964,55.7434554973822,2395130.0,0.35980625,
2025-11-17,DKI5,48.31132075471698,81.9044261068668,25.117924528301888,24.92452830188679,66.14150943396227,13.858490566037736,32.806,24.756,28.226835,0.1,0,17.227419,9.065055,2.9024127,255.96373,37.079998,20.939999,5.7599998,20.6244,73.0,84.0,56.0,93.208336,100.0,48.0,1008.13574,1009.95996,1005.3733,1.7227419000000002,237.9120109843159,1,0,0,1,Monday,0,4,11,2025,321,55.7434554973822,55.7434554973822,55.7434554973822,55.7434554973822,19.352840684553964,55.7434554973822,2395130.0,0.35980625,
2025-11-18,DKI5,48.31132075471698,81.9044261068668,25.117924528301888,24.92452830188679,66.14150943396227,13.858490566037736,31.956,24.406,27.110167,8.8,6,12.24,4.66734,1.4399999,180.0,27.72,13.514999,3.2399998,16.8804,81.208336,90.0,62.0,75.458336,100.0,39.0,1007.41986,1009.255,1005.3594,107.71200000000002,151.84178981822754,1,0,0,1,Tuesday,1,4,11,2025,322,55.7434554973822,55.7434554973822,55.7434554973822,55.7434554973822,19.352840684553964,55.7434554973822,2395130.0,0.35980625,
2025-11-19,DKI5,48.31132075471698,81.9044261068668,25.117924528301888,24.92452830188679,66.14150943396227,13.858490566037736,31.906,24.056,27.095583,11.0,6,12.387348,5.535332,0.8049845,141.34016,32.039997,14.399999,1.4399999,17.8596,83.291664,96.0,62.0,90.458336,100.0,44.0,1007.2991,1009.152,1004.86884,136.260828,149.80808273666855,1,0,0,1,Wednesday,2,4,11,2025,323,55.7434554973822,55.7434554973822,55.7434554973822,55.7434554973822,19.352840684553964,55.7434554973822,2395130.0,0.35980625,
2025-11-20,DKI5,48.31132075471698,81.9044261068668,25.117924528301888,24.92452830188679,66.14150943396227,13.858490566037736,28.956,24.506,26.328917,13.7,10,14.332341,7.809328,1.609969,279.46225,33.839996,18.81,3.96,10.5552,87.416664,94.0,79.0,99.333336,100.0,84.0,1007.8581,1009.6425,1005.75775,196.3530717,165.2427043980093,1,0,0,1,Thursday,3,4,11,2025,324,55.7434554973822,55.7434554973822,55.7434554973822,55.7434554973822,19.352840684553964,55.7434554973822,2395130.0,0.35980625,
2025-11-21,DKI5,48.31132075471698,81.9044261068668,25.117924528301888,24.92452830188679,66.14150943396227,13.858490566037736,32.356,24.156,27.531,0.6,2,12.661564,8.698895,5.0528407,244.2901,29.88,19.769999,11.5199995,19.9332,78.708336,93.0,58.0,92.291664,100.0,55.0,1007.79596,1009.56354,1005.47125,7.5969384,162.120986098365,1,0,0,1,Friday,4,4,11,2025,325,55.7434554973822,55.7434554973822,55.7434554973822,55.7434554973822,19.352840684553964,55.7434554973822,2395130.0,0.35980625,
2025-11-22,DKI5,48.31132075471698,81.9044261068668,25.117924528301888,24.92452830188679,66.14150943396227,13.858490566037736,33.156,24.506,27.98725,2.0,4,10.137692,3.2456293,0.5091169,180.0,23.039999,8.655,1.4399999,19.9476,76.041664,90.0,49.0,88.083336,100.0,54.0,1007.2568,1009.06006,1004.8698,20.275384,134.2850572457962,1,0,1,0,Saturday,5,4,11,2025,326,55.7434554973822,55.7434554973822,55.7434554973822,55.7434554973822,19.352840684553964,55.7434554973822,2395130.0,0.35980625,
2025-11-23,DKI5,48.31132075471698,81.9044261068668,25.117924528301888,24.92452830188679,66.14150943396227,13.858490566037736,31.056,25.456,27.620583,3.3,3,11.966953,6.0940766,1.8,263.6599,25.56,14.1449995,3.6,14.9652,80.083336,92.0,66.0,99.75,100.0,94.0,1007.08887,1008.6566,1005.1656,39.490944899999995,150.4905486718624,1,0,1,0,Sunday,6,4,11,2025,327,55.7434554973822,55.7434554973822,55.7434554973822,55.7434554973822,19.352840684553964,55.7434554973822,2395130.0,0.35980625,
2025-11-24,DKI5,48.31132075471698,81.9044261068668,25.117924528301888,24.92452830188679,66.14150943396227,13.858490566037736,34.156,24.706,28.52475,0.0,0,19.13426,8.115193,2.7416782,251.56496,37.8,17.58,5.3999996,21.8808,68.375,85.0,48.0,74.625,100.0,37.0,1006.63446,1008.56024,1004.08167,0.0,281.6995317382026,0,0,0,1,Monday,0,4,11,2025,328,55.7434554973822,55.7434554973822,55.7434554973822,55.7434554973822,19.352840684553964,55.7434554973822,2395130.0,0.35980625,
2025-11-25,DKI5,48.31132075471698,81.9044261068668,25.117924528301888,24.92452830188679,66.14150943396227,13.858490566037736,34.005997,23.906,28.593498,0.0,0,14.118243,6.950474,2.7416782,240.2552,27.72,14.774999,5.04,22.7484,66.291664,85.0,46.0,96.083336,100.0,69.0,1006.05194,1007.7551,1003.3834,0.0,214.2605103341714,0,0,0,1,Tuesday,1,4,11,2025,329,55.7434554973822,55.7434554973822,55.7434554973822,55.7434554973822,19.352840684553964,55.7434554973822,2395130.0,0.35980625,
2025-11-26,DKI5,48.31132075471698,81.9044261068668,25.117924528301888,24.92452830188679,66.14150943396227,13.858490566037736,33.406,24.406,28.37475,0.1,0,16.24394,7.1685615,2.8116899,230.19447,32.399998,15.329999,5.3999996,23.328,70.958336,86.0,47.0,80.666664,100.0,12.0,1006.23846,1008.4483,1003.77545,1.624394,230.35034488312124,1,0,0,1,Wednesday,2,4,11,2025,330,55.7434554973822,55.7434554973822,55.7434554973822,55.7434554973822,19.352840684553964,55.7434554973822,2395130.0,0.35980625,
2025-11-27,DKI5,48.31132075471698,81.9044261068668,25.117924528301888,24.92452830188679,66.14150943396227,13.858490566037736,32.656,24.956,28.278915,0.3,0,10.685391,4.0696783,1.2979984,213.6901,23.4,9.749999,2.52,17.9424,74.958336,90.0,55.0,80.208336,100.0,4.0,1007.3743,1009.26105,1005.26996,3.2056172999999997,143.60228432567257,1,0,0,1,Thursday,3,4,11,2025,331,55.7434554973822,55.7434554973822,55.7434554973822,55.7434554973822,19.352840684553964,55.7434554973822,2395130.0,0.35980625,
2025-11-28,DKI5,48.31132075471698,81.9044261068668,25.117924528301888,24.92452830188679,66.14150943396227,13.858490566037736,33.056,24.406,28.260168,4.8,4,11.165805,3.6682107,0.5091169,224.9999,24.119999,9.884999,3.2399998,19.0908,74.833336,89.0,54.0,94.166664,100.0,30.0,1007.4991,1009.1608,1005.7638,53.595864,150.32790317239767,1,0,0,1,Friday,4,4,11,2025,332,55.7434554973822,55.7434554973822,55.7434554973822,55.7434554973822,19.352840684553964,55.7434554973822,2395130.0,0.35980625,
2025-11-29,DKI5,48.31132075471698,81.9044261068668,25.117924528301888,24.92452830188679,66.14150943396227,13.858490566037736,33.556,25.006,28.797667,5.1000004,4,9.422101,4.429111,2.2768397,206.56499,21.24,10.919999,4.68,20.1348,70.208336,83.0,47.0,99.166664,100.0,80.0,1008.0505,1009.6599,1005.67737,48.052718868840394,135.28242036815257,1,0,1,0,Saturday,5,4,11,2025,333,55.7434554973822,55.7434554973822,55.7434554973822,55.7434554973822,19.352840684553964,55.7434554973822,2395130.0,0.35980625,
2025-11-30,DKI5,48.31132075471698,81.9044261068668,25.117924528301888,24.92452830188679,66.14150943396227,13.858490566037736,32.755997,25.706,28.339333,10.2,12,10.495713,4.568834,0.8049845,158.19853,23.759998,11.505,2.8799999,16.8048,75.375,87.0,58.0,99.291664,100.0,83.0,1009.4014,1011.846,1007.468,107.0562726,140.55572001589653,1,0,1,0,Sunday,6,4,11,2025,334,55.7434554973822,55.7434554973822,55.7434554973822,55.7434554973822,19.352840684553964,55.7434554973822,2395130.0,0.35980625,
